"Table 5: Gross domestic product (GDP) at current market prices, pounds million",,,,,,,,,,,,,,,,,,,,,,,,,,,,
ITL,ITL code,Region name,1998,1999,2000,2001,2002,2003,2004,2005,2006,2007,2008,2009,2010,2011,2012,2013,2014,2015,2016,2017,2018,2019,2020,2021,2022,2023
UK,UK,United Kingdom,"998,501","1,043,248","1,100,752","1,146,135","1,191,439","1,258,334","1,322,637","1,398,749","1,472,038","1,544,637","1,593,600","1,548,802","1,608,553","1,662,590","1,713,715","1,781,361","1,862,514","1,916,451","1,991,645","2,082,482","2,152,304","2,233,921","2,103,486","2,285,400","2,526,428","2,720,029"
Other,TLB,England,"849,011","888,261","932,140","970,786","1,012,265","1,068,536","1,121,117","1,183,648","1,243,792","1,308,612","1,347,502","1,314,624","1,365,188","1,408,807","1,455,479","1,515,086","1,590,818","1,646,708","1,714,122","1,789,055","1,846,515","1,917,589","1,811,054","1,963,267","2,157,344","2,329,630"
ITL1,TLC,North East,"32,636","33,335","34,399","35,915","38,212","40,333","43,525","45,490","47,789","49,023","50,154","49,430","50,666","52,159","53,504","54,453","56,090","58,007","59,071","60,848","62,146","64,737","60,097","65,356","71,092","77,498"
ITL2,TLC3,Tees Valley,"8,578","8,909","9,247","9,422","9,887","10,576","11,237","11,590","12,137","12,513","12,904","12,805","13,021","13,324","13,546","13,817","14,396","15,125","15,281","15,316","15,678","16,089","15,360","16,463","17,912","18,875"
ITL3,TLC31,Hartlepool and Stockton-on-Tees,"3,739","3,921","4,033","4,093","4,314","4,606","4,922","5,092","5,430","5,722","5,811","5,892","5,951","6,043","6,162","6,389","6,537","6,917","7,136","7,111","7,192","7,532","7,387","7,748","8,380","8,665"
ITL3,TLC32,South Teesside,"3,163","3,266","3,359","3,365","3,482","3,749","3,945","4,134","4,298","4,407","4,586","4,550","4,617","4,745","4,821","4,833","4,997","5,183","5,257","5,314","5,616","5,707","5,369","5,865","6,460","6,846"
ITL3,TLC33,Darlington,"1,676","1,723","1,856","1,964","2,090","2,222","2,370","2,364","2,409","2,385","2,508","2,363","2,453","2,535","2,563","2,595","2,862","3,024","2,888","2,891","2,869","2,851","2,603","2,850","3,072","3,363"
ITL2,TLC4,"Northumberland, Durham and Tyne & Wear","24,058","24,426","25,151","26,493","28,326","29,757","32,288","33,900","35,652","36,510","37,249","36,625","37,645","38,836","39,958","40,636","41,693","42,882","43,790","45,532","46,468","48,648","44,737","48,893","53,180","58,624"
ITL3,TLC41,Durham,"5,380","5,667","5,838","6,018","6,324","6,739","7,252","7,561","8,045","8,389","8,671","8,680","8,819","8,817","9,042","9,149","9,185","9,322","9,412","9,775","10,269","10,739","10,613","11,383","12,211","13,741"
ITL3,TLC42,Northumberland,"3,467","3,499","3,566","3,708","3,981","4,129","4,417","4,587","4,814","4,942","5,070","4,922","5,102","5,289","5,345","5,382","5,560","5,655","5,839","5,983","6,097","6,446","5,932","6,441","7,106","7,633"
ITL3,TLC43,Tyneside,"11,282","11,376","11,708","12,497","13,442","14,111","15,387","16,264","17,030","17,358","17,526","17,007","17,714","18,581","19,259","19,243","19,844","20,620","21,153","22,052","22,381","23,341","21,095","23,691","25,749","28,301"
ITL3,TLC44,Sunderland,"3,929","3,884","4,040","4,270","4,579","4,778","5,232","5,488","5,763","5,821","5,982","6,016","6,011","6,150","6,312","6,861","7,104","7,285","7,386","7,722","7,721","8,121","7,097","7,378","8,115","8,949"
ITL1,TLD,North West,"99,271","104,292","107,131","113,236","118,534","125,144","132,246","138,665","146,037","151,639","154,707","152,663","157,631","160,618","165,269","171,131","178,027","184,622","191,471","200,376","205,401","214,716","207,322","224,499","249,369","270,833"
ITL2,TLD1,Cumbria,"7,410","7,686","7,667","7,730","8,187","8,753","9,027","9,483","10,162","10,467","11,149","10,817","11,155","11,173","11,589","11,986","12,578","13,011","13,025","13,289","13,403","14,175","13,006","13,636","15,450","16,740"
ITL3,TLD13,Cumberland,"4,120","4,350","4,197","4,278","4,469","4,741","4,818","5,188","5,543","5,661","6,079","5,918","6,109","6,059","6,197","6,551","6,907","7,040","6,962","6,918","6,919","7,176","6,438","6,617","7,624","8,213"
ITL3,TLD14,Westmorland and Furness,"3,290","3,336","3,470","3,452","3,718","4,012","4,209","4,295","4,619","4,806","5,070","4,899","5,046","5,114","5,391","5,434","5,672","5,971","6,063","6,371","6,484","6,999","6,569","7,019","7,826","8,527"
ITL2,TLD3,Greater Manchester,"37,421","39,350","40,472","42,707","44,712","46,749","49,432","52,386","55,016","57,741","58,551","58,403","59,886","60,798","63,504","66,128","68,071","70,888","73,338","78,171","81,140","84,517","83,427","89,369","100,956","110,152"
ITL3,TLD33,Manchester,"9,607","10,102","10,388","11,142","11,809","12,456","13,476","14,527","15,530","16,445","16,753","17,170","17,774","18,036","18,898","19,424","20,083","21,108","22,450","24,581","25,375","27,244","26,441","29,064","34,392","38,037"
ITL3,TLD34,Greater Manchester South West,"8,347","8,767","9,023","9,565","10,023","10,497","11,085","11,757","12,371","12,983","13,220","12,981","13,229","13,421","14,088","15,037","15,655","16,310","16,534","17,366","18,451","19,121","19,292","21,004","23,271","24,829"
ITL3,TLD35,Greater Manchester South East,"6,258","6,607","6,838","7,110","7,403","7,724","8,016","8,405","8,720","9,139","9,373","9,347","9,466","9,519","9,854","10,072","10,215","10,321","10,613","11,380","11,735","11,890","11,889","12,411","13,874","15,060"
ITL3,TLD36,Greater Manchester North West,"6,506","6,813","6,964","7,330","7,581","7,907","8,279","8,713","9,082","9,441","9,389","9,299","9,519","9,711","10,145","10,712","11,000","11,556","11,922","12,470","12,887","12,919","13,045","13,630","14,778","16,237"
ITL3,TLD37,Greater Manchester North East,"6,703","7,061","7,259","7,560","7,896","8,164","8,576","8,984","9,313","9,733","9,815","9,605","9,899","10,110","10,519","10,883","11,117","11,593","11,819","12,374","12,693","13,343","12,759","13,260","14,640","15,989"
ITL2,TLD4,Lancashire,"20,138","21,068","21,565","22,270","23,353","25,211","26,750","27,654","28,320","29,541","29,996","28,415","29,381","30,281","31,253","32,026","33,210","34,797","36,414","37,404","37,832","39,133","37,408","41,610","45,460","48,944"
ITL3,TLD41,Blackburn with Darwen,"1,753","1,821","1,843","1,885","1,980","2,135","2,243","2,300","2,365","2,472","2,547","2,466","2,597","2,694","2,837","2,916","3,065","3,241","3,391","3,452","3,506","3,604","3,521","3,977","4,409","4,723"
ITL3,TLD42,Blackpool,"1,500","1,550","1,588","1,659","1,751","1,898","2,042","2,122","2,179","2,228","2,234","2,136","2,262","2,310","2,374","2,420","2,495","2,611","2,752","2,906","3,028","3,260","3,036","3,238","3,631","3,796"
ITL3,TLD44,Lancaster and Wyre,"2,779","2,878","2,867","2,940","3,135","3,465","3,684","3,907","4,095","4,229","4,305","3,951","4,021","4,130","4,267","4,507","4,611","5,014","5,063","5,125","5,226","5,473","5,257","5,646","6,308","6,949"
ITL3,TLD45,Mid Lancashire,"7,489","7,875","8,188","8,502","8,875","9,600","10,248","10,567","10,713","11,249","11,362","10,738","10,929","11,218","11,613","11,915","12,254","12,857","13,451","13,779","13,581","13,814","13,402","15,025","16,290","17,487"
ITL3,TLD46,East Lancashire,"4,009","4,235","4,294","4,398","4,546","4,843","5,087","5,258","5,389","5,604","5,670","5,322","5,567","5,826","6,005","6,059","6,355","6,504","6,838","7,037","7,199","7,311","6,819","7,623","8,166","8,662"
ITL3,TLD47,Chorley and West Lancashire,"2,609","2,709","2,785","2,885","3,066","3,269","3,445","3,500","3,580","3,758","3,878","3,802","4,004","4,103","4,157","4,208","4,431","4,569","4,919","5,106","5,292","5,670","5,373","6,101","6,656","7,327"
ITL2,TLD6,Cheshire,"16,112","16,946","17,384","19,403","20,016","20,417","21,753","22,948","24,436","25,567","25,528","25,173","26,310","27,048","27,984","29,010","30,698","31,423","33,496","34,888","35,624","37,444","35,872","37,936","41,973","45,801"
ITL3,TLD61,Warrington,"4,023","4,111","4,312","4,720","4,928","5,103","5,283","5,609","5,868","6,189","6,132","5,834","6,001","6,173","6,356","6,695","7,093","7,469","7,846","8,432","8,502","9,078","8,949","9,445","10,365","11,474"
ITL3,TLD62,Cheshire East,"6,597","6,922","7,194","8,284","8,549","8,312","9,233","9,797","10,489","10,736","10,657","10,338","10,795","11,386","11,970","12,287","13,044","13,589","14,781","14,751","15,186","15,708","15,139","15,357","17,194","18,593"
ITL3,TLD63,Cheshire West and Chester,"5,492","5,912","5,879","6,399","6,539","7,002","7,237","7,542","8,079","8,642","8,739","9,001","9,514","9,488","9,659","10,028","10,561","10,365","10,869","11,705","11,935","12,657","11,784","13,134","14,414","15,734"
ITL2,TLD7,Merseyside,"18,191","19,243","20,044","21,127","22,266","24,015","25,285","26,195","28,103","28,323","29,484","29,855","30,899","31,318","30,939","31,981","33,469","34,503","35,197","36,624","37,402","39,447","37,610","41,948","45,531","49,196"
ITL3,TLD71,East Merseyside,"6,133","6,434","6,651","6,939","7,232","7,717","7,957","8,180","8,753","8,840","9,189","9,114","9,603","9,773","9,601","10,132","10,651","10,977","11,286","11,703","11,907","12,391","11,482","12,815","13,662","14,695"
ITL3,TLD72,Liverpool,"6,561","6,925","7,328","7,776","8,232","9,034","9,634","10,155","11,051","11,054","11,596","12,045","12,301","12,488","12,259","12,511","13,118","13,458","13,706","14,286","14,582","15,723","15,080","16,978","18,745","20,347"
ITL3,TLD73,Sefton,"2,496","2,670","2,753","2,920","3,110","3,306","3,479","3,571","3,775","3,831","3,957","3,967","4,116","4,082","4,065","4,174","4,333","4,461","4,633","4,821","4,967","5,059","4,935","5,639","5,999","6,376"
ITL3,TLD74,Wirral,"3,001","3,215","3,312","3,492","3,692","3,958","4,216","4,289","4,525","4,598","4,741","4,729","4,879","4,975","5,014","5,164","5,367","5,607","5,573","5,815","5,946","6,274","6,112","6,515","7,125","7,778"
ITL1,TLE,Yorkshire and The Humber,"70,456","73,001","75,576","79,082","83,370","88,989","94,240","98,871","103,602","109,275","110,464","107,464","109,661","112,813","115,506","118,796","122,794","128,039","131,196","137,542","141,758","146,756","139,275","155,143","169,640","182,509"
ITL2,TLE1,East Yorkshire and Northern Lincolnshire,"12,112","12,252","12,823","13,407","14,188","15,280","16,130","16,831","17,658","18,636","19,554","18,751","18,693","18,521","18,815","19,348","20,017","21,163","21,702","22,706","23,312","24,734","22,973","27,128","28,366","29,857"
ITL3,TLE11,"Kingston upon Hull, City of","3,415","3,517","3,725","3,897","4,159","4,466","4,606","4,813","5,250","5,497","6,018","5,973","5,758","5,619","5,704","5,757","5,832","6,124","6,341","6,592","6,803","6,918","6,200","7,232","7,621","8,300"
ITL3,TLE12,East Riding of Yorkshire,"4,174","4,187","4,367","4,584","4,945","5,266","5,642","5,860","6,179","6,278","6,353","6,041","5,956","6,052","6,216","6,441","6,762","7,052","7,211","7,512","7,982","8,325","7,962","9,201","9,819","10,564"
ITL3,TLE13,North and North East Lincolnshire,"4,524","4,548","4,731","4,926","5,084","5,548","5,883","6,158","6,229","6,861","7,183","6,737","6,980","6,850","6,894","7,150","7,423","7,988","8,150","8,601","8,527","9,491","8,812","10,695","10,926","10,993"
ITL2,TLE2,North Yorkshire,"11,792","12,185","12,751","13,420","14,551","15,393","16,246","16,820","17,467","18,426","18,704","18,063","18,406","19,292","19,681","20,298","20,814","21,228","22,127","23,547","23,827","24,580","23,018","26,237","29,017","31,711"
ITL3,TLE21,York,"3,409","3,574","3,753","3,981","4,296","4,574","4,961","5,121","5,176","5,462","5,476","5,263","5,450","5,670","5,808","5,886","6,064","6,203","6,475","6,894","7,046","7,089","6,472","7,436","8,464","9,279"
ITL3,TLE22,North Yorkshire,"8,383","8,611","8,999","9,438","10,255","10,819","11,286","11,699","12,291","12,964","13,228","12,800","12,955","13,622","13,873","14,412","14,750","15,025","15,652","16,654","16,781","17,492","16,545","18,801","20,553","22,433"
ITL2,TLE3,South Yorkshire,"15,560","15,787","16,411","17,436","18,453","19,665","20,881","21,718","22,845","24,318","24,114","23,441","24,323","25,176","25,893","26,571","27,623","28,718","29,250","30,523","30,934","32,280","31,377","33,717","37,031","39,661"
ITL3,TLE32,Sheffield,"7,295","7,401","7,732","8,359","8,911","9,522","10,115","10,571","11,165","11,841","11,694","11,656","11,997","12,426","12,645","13,025","13,371","13,739","13,906","14,146","14,243","14,938","14,752","15,912","17,499","19,052"
ITL3,TLE33,Barnsley,"2,309","2,328","2,409","2,518","2,624","2,793","2,986","3,093","3,225","3,451","3,388","3,236","3,384","3,537","3,656","3,799","3,994","4,116","4,201","4,403","4,582","4,793","4,590","4,975","5,491","5,843"
ITL3,TLE34,Rotherham,"2,842","2,876","2,981","3,124","3,300","3,501","3,650","3,799","3,937","4,210","4,212","4,004","4,211","4,381","4,648","4,673","4,859","5,070","5,185","5,446","5,509","5,711","5,416","5,770","6,229","6,493"
ITL3,TLE35,Doncaster,"3,114","3,181","3,289","3,435","3,617","3,849","4,130","4,255","4,517","4,816","4,820","4,546","4,731","4,832","4,944","5,073","5,398","5,793","5,958","6,527","6,599","6,838","6,619","7,060","7,812","8,273"
ITL2,TLE4,West Yorkshire,"30,992","32,777","33,590","34,820","36,178","38,651","40,982","43,502","45,632","47,895","48,092","47,209","48,239","49,824","51,118","52,579","54,340","56,930","58,117","60,766","63,685","65,162","61,907","68,061","75,226","81,279"
ITL3,TLE41,Bradford,"5,915","6,232","6,314","6,541","6,771","7,151","7,560","7,946","8,228","8,638","8,899","8,728","8,869","9,286","9,496","9,714","9,852","10,203","10,479","11,010","11,169","11,290","11,051","11,938","12,812","13,414"
ITL3,TLE42,Leeds,"13,493","14,378","14,828","15,407","16,163","17,497","18,791","20,120","21,364","22,543","22,425","22,189","22,780","23,370","23,940","24,634","25,361","26,298","26,687","27,549","29,107","30,043","28,191","31,287","35,871","39,323"
ITL3,TLE44,Calderdale and Kirklees,"7,037","7,383","7,511","7,740","7,929","8,409","8,821","9,376","9,773","10,245","10,176","9,858","10,167","10,549","10,866","11,178","12,020","12,854","13,075","14,008","14,707","14,763","14,001","15,445","15,977","17,117"
ITL3,TLE45,Wakefield,"4,547","4,785","4,937","5,132","5,315","5,594","5,810","6,061","6,265","6,469","6,592","6,434","6,422","6,619","6,816","7,052","7,107","7,576","7,876","8,198","8,702","9,066","8,665","9,390","10,566","11,425"
ITL1,TLF,East Midlands,"60,824","62,809","65,204","67,838","70,651","74,267","77,954","82,036","86,495","90,216","93,423","90,251","94,488","96,833","100,304","104,520","108,811","112,174","115,585","119,955","125,315","129,738","124,829","135,359","146,120","156,953"
ITL2,TLF1,Derbyshire and Nottinghamshire,"28,310","29,450","29,995","31,167","32,571","33,909","36,040","38,293","39,735","41,030","42,124","40,712","42,589","44,340","46,028","47,505","48,909","50,412","51,984","53,528","55,880","57,709","56,906","59,976","65,104","69,443"
ITL3,TLF11,Derby,"4,168","4,435","4,615","4,839","5,107","5,292","5,723","6,222","6,417","6,573","6,705","6,530","6,661","7,050","7,224","7,493","7,375","7,411","7,533","7,563","8,079","8,353","8,567","9,049","9,425","10,155"
ITL3,TLF12,East Derbyshire,"3,372","3,481","3,557","3,711","3,833","3,946","4,134","4,399","4,510","4,671","4,826","4,642","4,860","4,977","5,208","5,331","5,539","6,000","6,170","6,378","6,677","6,833","6,961","7,518","8,132","8,386"
ITL3,TLF13,South and West Derbyshire,"6,212","6,378","6,411","6,590","6,864","7,155","7,500","7,995","8,116","8,316","8,589","8,035","8,650","8,991","9,425","9,934","10,254","10,445","10,964","11,272","11,730","12,461","12,088","12,713","13,351","14,181"
ITL3,TLF14,Nottingham,"4,997","5,205","5,300","5,617","5,947","6,324","6,907","7,282","7,782","8,059","8,276","8,185","8,561","8,978","9,268","9,412","10,061","10,280","10,658","11,149","11,390","11,505","11,094","11,534","12,951","14,105"
ITL3,TLF15,North Nottinghamshire,"5,670","5,891","5,999","6,148","6,423","6,668","7,016","7,349","7,662","7,923","8,096","7,827","8,153","8,491","8,775","9,007","9,255","9,615","9,832","10,132","10,507","10,863","10,608","11,219","12,318","12,982"
ITL3,TLF16,South Nottinghamshire,"3,891","4,061","4,112","4,262","4,397","4,524","4,760","5,045","5,247","5,489","5,631","5,493","5,703","5,854","6,129","6,328","6,425","6,660","6,827","7,034","7,497","7,694","7,588","7,944","8,928","9,634"
ITL2,TLF2,"Leicestershire, Rutland and Northamptonshire","24,084","24,736","26,149","26,953","27,823","29,524","31,146","32,513","34,774","36,619","38,075","36,812","38,737","38,971","40,185","42,153","44,468","46,059","47,635","49,399","51,629","53,261","50,051","55,951","60,408","65,486"
ITL3,TLF21,Leicester,"4,223","4,363","4,585","4,709","4,848","5,179","5,563","5,825","6,236","6,568","6,820","6,728","7,124","7,257","7,494","7,813","8,477","8,770","9,038","9,200","9,543","9,817","9,332","10,281","10,643","11,439"
ITL3,TLF22,Leicestershire CC and Rutland,"9,815","10,059","10,634","11,008","11,461","12,226","12,867","13,393","14,303","15,011","15,703","15,155","15,870","15,810","16,356","17,071","17,865","18,499","19,066","19,744","20,482","20,964","19,424","21,941","24,121","26,678"
ITL3,TLF24,West Northamptonshire,"5,969","6,107","6,531","6,750","6,976","7,300","7,680","8,087","8,769","9,296","9,594","9,244","9,716","9,900","10,023","10,706","11,219","11,656","12,169","12,901","13,726","14,271","13,505","15,098","16,308","17,434"
ITL3,TLF25,North Northamptonshire,"4,076","4,206","4,400","4,486","4,538","4,818","5,036","5,208","5,466","5,743","5,959","5,685","6,026","6,003","6,312","6,563","6,906","7,134","7,363","7,554","7,879","8,209","7,791","8,631","9,335","9,936"
ITL2,TLF3,Lincolnshire,"8,430","8,623","9,060","9,718","10,257","10,833","10,768","11,230","11,987","12,567","13,224","12,728","13,163","13,522","14,091","14,862","15,434","15,703","15,966","17,028","17,806","18,767","17,871","19,432","20,608","22,024"
ITL3,TLF30,Lincolnshire CC,"8,430","8,623","9,060","9,718","10,257","10,833","10,768","11,230","11,987","12,567","13,224","12,728","13,163","13,522","14,091","14,862","15,434","15,703","15,966","17,028","17,806","18,767","17,871","19,432","20,608","22,024"
ITL1,TLG,West Midlands,"78,899","81,671","84,203","87,190","90,356","94,929","99,664","104,044","107,839","111,320","114,674","110,430","115,255","119,830","123,715","129,336","135,326","140,070","146,558","153,755","158,668","162,287","152,258","166,017","180,038","195,208"
ITL2,TLG1,"Herefordshire, Worcestershire and Warwickshire","19,008","20,187","21,106","21,474","22,142","23,394","24,437","25,458","26,948","27,337","28,465","27,461","28,614","30,271","31,962","33,891","35,768","37,141","37,942","41,268","42,435","43,053","40,747","42,806","48,608","53,817"
ITL3,TLG11,"Herefordshire, County of","2,400","2,531","2,660","2,696","2,829","2,914","2,904","2,992","3,104","3,192","3,361","3,222","3,287","3,485","3,604","3,765","3,966","4,065","4,130","4,317","4,512","4,653","4,397","4,754","5,251","5,645"
ITL3,TLG12,Worcestershire CC,"7,757","8,141","8,524","8,704","8,897","9,439","10,001","10,304","10,985","11,005","11,479","11,264","11,685","12,391","13,069","13,589","14,259","14,465","14,643","15,651","16,127","16,487","15,846","16,607","18,593","20,050"
ITL3,TLG13,Warwickshire CC,"8,851","9,516","9,921","10,073","10,416","11,041","11,532","12,163","12,859","13,141","13,625","12,976","13,642","14,395","15,288","16,537","17,543","18,611","19,169","21,300","21,796","21,913","20,504","21,444","24,764","28,122"
ITL2,TLG2,Shropshire and Staffordshire,"20,887","21,320","21,832","22,644","23,828","25,097","26,513","27,621","28,575","29,372","30,712","29,233","30,484","31,707","32,272","33,650","34,671","35,676","36,905","38,421","39,794","41,089","39,226","44,687","46,040","48,948"
ITL3,TLG21,Telford and Wrekin,"2,584","2,686","2,715","2,863","2,947","3,073","3,239","3,339","3,451","3,532","3,647","3,516","3,628","3,787","3,908","4,090","4,194","4,253","4,637","4,813","4,973","5,248","5,258","5,935","6,208","6,400"
ITL3,TLG22,Shropshire,"3,773","3,857","3,987","4,153","4,400","4,648","4,867","5,102","5,283","5,435","5,743","5,473","5,655","5,858","5,974","6,251","6,489","6,568","6,801","6,967","7,278","7,378","7,003","7,990","8,462","8,992"
ITL3,TLG23,Stoke-on-Trent,"3,179","3,211","3,276","3,370","3,536","3,732","4,000","4,184","4,366","4,527","4,805","4,716","4,831","5,042","5,181","5,395","5,479","5,602","5,621","5,988","6,371","6,591","6,460","7,167","7,160","7,798"
ITL3,TLG24,Staffordshire CC,"11,351","11,567","11,854","12,258","12,944","13,643","14,406","14,996","15,475","15,878","16,517","15,528","16,370","17,019","17,210","17,914","18,509","19,254","19,847","20,654","21,172","21,871","20,505","23,595","24,210","25,758"
ITL2,TLG3,West Midlands,"39,003","40,164","41,265","43,072","44,386","46,438","48,714","50,964","52,316","54,611","55,497","53,736","56,157","57,852","59,481","61,795","64,887","67,252","71,710","74,066","76,438","78,145","72,285","78,523","85,390","92,443"
ITL3,TLG31,Birmingham,"14,976","15,501","15,940","16,762","17,388","18,401","19,598","20,592","21,156","22,254","22,621","22,264","23,109","23,741","24,321","25,485","26,534","27,405","28,791","29,522","30,739","31,496","29,560","32,280","35,353","38,902"
ITL3,TLG32,Solihull,"4,557","4,631","4,877","5,108","5,179","5,369","5,508","5,742","5,866","6,099","6,086","5,692","6,169","6,373","6,683","6,966","7,339","8,035","9,063","9,887","10,184","10,506","9,075","9,541","10,783","11,614"
ITL3,TLG33,Coventry,"5,385","5,529","5,686","5,938","6,033","6,308","6,599","6,972","7,075","7,459","7,729","7,675","8,106","8,319","8,499","8,737","9,395","9,969","10,919","10,752","10,937","11,191","10,328","11,147","11,902","12,884"
ITL3,TLG36,Dudley,"3,666","3,797","3,865","4,040","4,164","4,256","4,417","4,559","4,694","4,895","4,925","4,615","4,814","4,964","5,165","5,282","5,420","5,471","5,669","5,890","5,988","6,168","5,699","6,339","6,850","7,111"
ITL3,TLG37,Sandwell,"4,097","4,159","4,204","4,299","4,470","4,668","4,817","4,980","5,192","5,264","5,348","5,209","5,333","5,363","5,561","5,760","6,236","6,455","6,760","7,082","7,340","7,344","7,086","7,378","7,773","8,346"
ITL3,TLG38,Walsall,"3,003","3,089","3,138","3,221","3,313","3,460","3,622","3,772","3,850","3,992","4,051","3,810","4,021","4,276","4,444","4,698","4,997","5,091","5,344","5,430","5,447","5,454","4,985","5,592","5,930","6,348"
ITL3,TLG39,Wolverhampton,"3,319","3,458","3,554","3,705","3,838","3,976","4,154","4,348","4,482","4,648","4,736","4,472","4,605","4,816","4,809","4,865","4,966","4,826","5,165","5,503","5,804","5,986","5,554","6,246","6,799","7,240"
ITL1,TLH,East,"86,263","90,049","94,873","99,707","103,571","110,109","114,087","120,461","126,384","131,316","135,723","131,358","134,739","137,061","141,300","147,436","155,548","161,535","168,610","179,691","183,453","190,937","179,316","195,827","212,015","229,264"
ITL2,TLH2,Bedfordshire and Hertfordshire,"29,015","30,706","32,397","33,838","35,043","37,041","38,429","40,963","42,109","44,051","46,187","43,974","44,166","44,701","45,611","48,669","52,092","54,554","56,978","61,293","62,484","64,865","60,231","66,386","70,770","76,548"
ITL3,TLH21,Luton,"3,142","3,273","3,559","3,724","3,822","4,003","4,060","4,221","4,360","4,641","4,860","4,523","4,620","4,681","4,848","5,349","5,923","6,216","6,328","6,666","6,747","7,024","5,910","6,314","7,103","7,654"
ITL3,TLH24,Bedford,"2,271","2,392","2,501","2,631","2,745","2,891","2,987","3,211","3,310","3,426","3,584","3,447","3,458","3,474","3,562","3,699","3,950","4,127","4,274","4,597","4,653","4,887","4,451","5,001","5,521","5,847"
ITL3,TLH25,Central Bedfordshire,"3,272","3,418","3,633","3,763","3,937","4,108","4,193","4,421","4,494","4,638","4,821","4,583","4,749","4,924","5,098","5,462","5,783","6,042","6,454","6,979","7,065","7,036","6,327","7,040","7,740","8,521"
ITL3,TLH26,North and East Hertfordshire,"9,734","10,508","11,021","11,446","11,819","12,529","12,949","14,077","14,608","15,215","16,217","15,300","15,062","14,899","15,024","15,830","16,753","17,026","17,568","18,594","19,081","20,336","19,571","21,623","22,414","24,747"
ITL3,TLH27,South West Hertfordshire,"10,597","11,114","11,684","12,274","12,720","13,510","14,241","15,033","15,336","16,131","16,704","16,120","16,278","16,722","17,080","18,330","19,683","21,143","22,354","24,458","24,938","25,582","23,971","26,408","27,990","29,780"
ITL2,TLH3,Essex,"23,651","24,163","25,472","27,131","27,972","30,503","31,336","32,478","33,852","35,212","36,039","34,807","36,420","36,614","37,686","38,782","41,120","43,051","45,103","48,375","49,873","51,057","46,849","52,567","57,952","61,895"
ITL3,TLH31,Southend-on-Sea,"1,770","1,843","1,922","2,040","2,132","2,298","2,413","2,491","2,642","2,748","2,833","2,810","2,882","2,923","3,021","3,067","3,191","3,229","3,351","3,576","3,689","3,621","3,223","3,615","3,747","3,999"
ITL3,TLH32,Thurrock,"2,358","2,344","2,381","2,548","2,586","2,935","3,044","3,216","3,332","3,464","3,514","3,444","3,565","3,449","3,577","3,519","3,793","4,064","4,134","4,609","4,838","4,972","4,682","5,286","6,140","6,685"
ITL3,TLH34,Essex Haven Gateway,"5,290","5,384","5,686","6,058","6,200","6,755","6,965","7,225","7,485","7,759","7,989","7,725","8,121","8,268","8,538","8,741","9,277","9,918","10,639","11,574","11,760","11,903","10,824","12,223","13,257","14,450"
ITL3,TLH35,West Essex,"4,688","4,889","5,127","5,453","5,732","6,255","6,453","6,661","6,965","7,280","7,371","7,058","7,447","7,385","7,412","7,678","7,958","8,487","8,995","9,618","9,897","9,942","8,822","10,070","11,020","11,806"
ITL3,TLH36,Heart of Essex,"4,976","5,060","5,382","5,796","5,954","6,449","6,588","6,798","7,119","7,424","7,479","7,363","7,595","7,676","7,874","8,097","8,875","9,275","9,552","10,230","10,613","11,036","10,070","11,253","12,433","12,977"
ITL3,TLH37,Essex Thames Gateway,"4,568","4,643","4,974","5,237","5,367","5,811","5,873","6,087","6,308","6,536","6,854","6,408","6,810","6,912","7,263","7,680","8,025","8,079","8,432","8,767","9,076","9,583","9,229","10,119","11,354","11,979"
ITL2,TLH4,Cambridgeshire and Peterborough,"13,164","13,813","14,369","15,149","15,848","16,573","17,347","18,544","20,013","20,747","21,234","20,720","21,546","22,198","23,099","23,604","24,656","25,349","26,570","28,285","29,126","30,205","29,897","31,702","34,124","37,428"
ITL3,TLH41,Peterborough,"3,503","3,669","3,703","3,883","3,982","4,141","4,446","4,925","5,447","5,545","5,461","5,043","5,211","5,401","5,570","5,585","6,008","5,917","6,347","6,989","7,482","7,181","7,002","7,559","7,917","8,766"
ITL3,TLH42,Cambridgeshire CC,"9,661","10,144","10,666","11,266","11,866","12,433","12,901","13,619","14,566","15,201","15,773","15,678","16,335","16,797","17,529","18,019","18,648","19,432","20,223","21,297","21,644","23,024","22,895","24,143","26,208","28,662"
ITL2,TLH5,Norfolk,"10,168","10,601","11,274","11,769","12,361","13,045","13,490","14,192","15,180","15,687","16,306","16,336","16,712","17,146","17,906","18,662","19,285","19,636","20,194","21,210","21,075","22,809","21,643","23,323","25,398","27,713"
ITL3,TLH51,Norwich and East Norfolk,"4,512","4,679","4,981","5,214","5,471","5,796","6,070","6,393","6,950","7,213","7,522","7,672","7,811","7,927","8,363","8,822","9,060","9,246","9,442","10,167","9,935","11,120","10,263","11,147","12,223","13,412"
ITL3,TLH52,North and West Norfolk,"2,897","2,996","3,157","3,260","3,426","3,597","3,639","3,827","3,987","4,111","4,298","4,237","4,325","4,471","4,637","4,763","4,929","4,991","5,159","5,269","5,326","5,490","5,251","5,557","5,961","6,366"
ITL3,TLH53,Breckland and South Norfolk,"2,759","2,926","3,137","3,295","3,464","3,652","3,781","3,971","4,243","4,363","4,486","4,428","4,575","4,748","4,906","5,077","5,296","5,398","5,593","5,774","5,814","6,199","6,129","6,619","7,213","7,934"
ITL2,TLH6,Suffolk,"10,265","10,766","11,360","11,820","12,347","12,946","13,485","14,285","15,231","15,621","15,957","15,520","15,895","16,402","16,998","17,719","18,395","18,945","19,765","20,529","20,896","22,001","20,695","21,850","23,771","25,680"
ITL3,TLH61,Babergh and Mid Suffolk,"2,267","2,377","2,526","2,627","2,756","2,856","2,925","3,019","3,173","3,278","3,385","3,289","3,439","3,543","3,642","3,726","3,898","3,995","4,110","4,283","4,407","4,655","4,473","4,803","5,211","5,676"
ITL3,TLH62,Ipswich,"2,210","2,323","2,398","2,495","2,569","2,732","2,945","3,243","3,553","3,583","3,550","3,433","3,390","3,442","3,584","3,816","4,059","4,222","4,506","4,580","4,640","4,820","4,686","4,676","5,090","5,928"
ITL3,TLH63,East Suffolk,"3,034","3,177","3,365","3,470","3,643","3,857","3,994","4,220","4,408","4,534","4,603","4,412","4,553","4,747","4,919","5,097","5,226","5,253","5,359","5,642","5,749","6,169","5,779","6,261","6,943","7,264"
ITL3,TLH64,West Suffolk,"2,754","2,888","3,071","3,228","3,379","3,501","3,621","3,804","4,097","4,225","4,420","4,386","4,513","4,670","4,853","5,079","5,212","5,475","5,790","6,024","6,100","6,358","5,756","6,110","6,527","6,812"
ITL1,TLI,London,"195,817","206,766","222,893","229,485","237,989","251,630","264,183","284,407","301,818","327,530","334,698","327,516","343,574","359,224","373,080","392,904","419,474","434,337","460,710","476,950","494,701","509,889","468,427","506,430","572,007","617,915"
ITL2,TLI3,Inner London - West,"73,753","77,590","85,429","87,591","90,988","96,592","102,216","112,408","119,748","132,165","134,842","135,283","142,204","147,480","153,182","163,344","175,499","181,349","197,347","205,963","215,940","224,275","212,651","235,623","263,218","286,809"
ITL3,TLI33,Kensington & Chelsea and Hammersmith & Fulham,"8,138","8,752","9,395","9,879","10,237","10,709","11,264","11,884","12,182","13,413","14,318","13,642","14,070","14,994","16,704","18,176","19,649","20,337","20,567","21,271","22,804","23,076","20,785","21,853","24,488","26,979"
ITL3,TLI34,Wandsworth,"3,604","3,925","4,179","4,423","4,629","4,826","5,010","5,345","5,595","6,091","6,268","5,951","6,125","6,492","7,024","7,407","7,969","8,483","8,645","8,560","8,761","8,799","7,708","8,395","9,333","10,349"
ITL3,TLI35,Westminster and City of London,"51,379","53,581","59,514","60,349","62,751","66,783","70,613","78,667","84,923","93,963","94,870","96,484","102,270","105,253","107,987","114,568","122,250","122,930","134,976","141,580","148,719","156,476","154,175","171,481","190,224","207,887"
ITL3,TLI36,Camden,"10,631","11,332","12,341","12,940","13,371","14,274","15,330","16,512","17,047","18,699","19,385","19,207","19,740","20,742","21,467","23,193","25,630","29,599","33,158","34,552","35,655","35,924","29,983","33,894","39,173","41,594"
ITL2,TLI4,Inner London - East,"42,824","45,079","49,557","51,341","53,252","56,368","59,567","64,809","68,486","75,509","79,062","79,220","83,644","90,164","91,973","95,454","101,252","105,377","110,393","115,440","119,268","122,483","113,968","120,909","138,552","151,728"
ITL3,TLI41,Hackney and Newham,"5,897","6,230","6,686","7,008","7,305","7,725","8,011","8,534","8,854","9,522","9,967","9,704","10,278","11,006","11,552","11,968","12,868","13,507","14,134","15,108","16,291","17,965","17,225","18,936","21,644","24,009"
ITL3,TLI42,Tower Hamlets,"12,796","13,197","14,741","14,954","15,624","16,657","17,899","20,040","22,052","24,447","25,393","26,500","27,677","30,020","29,439","31,033","32,982","33,502","35,672","38,549","37,716","37,282","35,966","36,586","40,812","46,180"
ITL3,TLI43,Haringey and Islington,"9,796","10,345","11,341","11,728","12,166","12,818","13,468","14,353","14,942","16,462","17,279","17,006","17,851","18,852","19,507","20,844","22,434","23,523","23,939","24,356","25,597","26,148","23,834","25,913","31,085","32,815"
ITL3,TLI44,Lewisham and Southwark,"9,190","9,784","10,750","11,219","11,615","12,243","12,869","13,920","14,514","16,004","16,799","16,636","17,649","19,373","20,328","20,975","20,968","22,393","23,535","24,023","25,835","27,254","24,828","25,846","29,001","32,294"
ITL3,TLI45,Lambeth,"5,146","5,522","6,038","6,432","6,541","6,926","7,320","7,962","8,124","9,074","9,624","9,375","10,190","10,913","11,146","10,633","12,000","12,451","13,112","13,404","13,827","13,833","12,114","13,628","16,011","16,429"
ITL2,TLI5,Outer London - East and North East,"22,059","23,217","24,059","24,871","25,887","27,427","28,597","29,946","31,819","33,411","33,628","31,167","32,949","33,939","35,928","37,733","39,278","40,801","42,051","42,547","43,968","45,081","39,979","44,128","48,958","51,310"
ITL3,TLI51,Bexley and Greenwich,"6,419","6,796","7,061","7,317","7,643","8,084","8,393","8,866","9,370","9,801","10,041","9,443","9,927","10,267","10,794","11,568","11,944","12,389","13,003","13,180","13,438","13,960","12,263","13,167","14,447","15,063"
ITL3,TLI52,Barking & Dagenham and Havering,"6,003","6,185","6,320","6,455","6,598","6,926","7,208","7,472","7,998","8,404","8,401","7,784","8,332","8,512","9,070","9,564","9,970","10,094","10,249","10,366","10,709","10,945","9,779","11,155","12,689","13,271"
ITL3,TLI53,Redbridge and Waltham Forest,"5,393","5,726","5,966","6,187","6,504","6,909","7,247","7,602","8,059","8,440","8,420","7,755","8,094","8,402","9,039","9,310","9,706","10,253","10,533","10,740","10,991","11,054","9,732","10,861","12,291","13,159"
ITL3,TLI54,Enfield,"4,243","4,510","4,713","4,911","5,143","5,508","5,749","6,007","6,393","6,766","6,766","6,185","6,595","6,758","7,026","7,291","7,658","8,064","8,267","8,260","8,830","9,122","8,205","8,945","9,531","9,818"
ITL2,TLI6,Outer London - South,"19,822","21,027","21,949","22,626","23,424","24,771","25,816","27,082","28,477","30,166","30,176","28,257","28,883","29,550","30,628","31,515","33,469","33,945","35,565","36,250","37,430","38,272","34,626","36,295","40,677","43,658"
ITL3,TLI61,Bromley,"4,995","5,307","5,400","5,568","5,874","6,260","6,536","6,829","7,314","7,618","7,573","7,064","7,280","7,474","7,852","8,119","8,252","8,414","8,814","9,131","9,314","9,134","8,211","8,415","9,435","9,938"
ITL3,TLI62,Croydon,"5,677","5,989","6,319","6,528","6,721","7,136","7,438","7,834","8,139","8,731","8,674","8,241","8,284","8,384","8,569","8,764","9,595","9,685","9,934","10,215","10,973","11,589","10,755","11,426","12,825","13,664"
ITL3,TLI63,"Merton, Kingston upon Thames and Sutton","9,151","9,732","10,230","10,529","10,828","11,376","11,842","12,419","13,024","13,818","13,929","12,953","13,319","13,692","14,206","14,632","15,622","15,846","16,817","16,904","17,143","17,548","15,660","16,453","18,417","20,056"
ITL2,TLI7,Outer London - West and North West,"37,359","39,853","41,899","43,056","44,439","46,471","47,987","50,162","53,288","56,278","56,989","53,589","55,895","58,091","61,370","64,858","69,975","72,865","75,354","76,749","78,095","79,779","67,202","69,474","80,602","84,410"
ITL3,TLI71,Barnet,"4,767","5,124","5,328","5,517","5,776","6,120","6,360","6,642","7,100","7,443","7,384","6,998","7,312","7,557","8,168","8,381","8,906","9,203","9,604","9,699","10,007","10,213","9,616","10,401","11,884","12,292"
ITL3,TLI72,Brent,"4,542","4,907","5,158","5,327","5,524","5,722","5,849","6,165","6,559","6,848","6,863","6,440","6,732","6,969","7,530","7,925","8,618","9,091","9,493","9,644","9,643","10,132","9,222","9,689","10,945","11,600"
ITL3,TLI73,Ealing,"5,305","5,655","5,903","6,101","6,292","6,612","6,810","7,067","7,452","7,833","7,881","7,349","7,645","7,944","8,527","9,050","9,715","10,140","10,576","10,380","10,486","10,467","9,927","10,131","11,161","11,376"
ITL3,TLI74,Harrow and Hillingdon,"12,380","13,076","13,639","13,799","14,157","14,873","15,440","16,040","16,505","17,290","17,262","15,771","16,620","17,472","17,788","18,670","20,391","20,826","20,675","21,471","21,921","22,221","17,357","18,042","21,160","22,622"
ITL3,TLI75,Hounslow and Richmond upon Thames,"10,365","11,092","11,870","12,312","12,689","13,145","13,527","14,247","15,671","16,864","17,599","17,031","17,585","18,149","19,357","20,832","22,346","23,606","25,006","25,556","26,038","26,747","21,080","21,211","25,452","26,520"
ITL1,TLJ,South East,"150,148","157,785","165,612","171,876","179,302","187,943","194,635","204,405","213,587","223,425","233,954","228,432","237,083","245,514","254,169","263,859","275,095","285,324","293,094","304,369","314,704","331,455","321,481","338,013","364,427","391,807"
ITL2,TLJ1,"Berkshire, Buckinghamshire and Oxfordshire","48,801","51,629","54,519","56,198","58,842","62,541","63,826","67,270","69,829","73,290","76,449","74,857","76,961","80,485","83,411","86,179","90,637","94,212","95,560","98,832","103,692","109,649","108,869","113,874","121,583","130,196"
ITL3,TLJ12,Milton Keynes,"5,547","5,769","6,145","6,541","7,014","7,607","7,622","8,013","8,419","8,881","9,171","8,831","9,297","9,713","9,987","10,575","11,765","13,096","12,930","13,996","14,534","14,955","14,282","15,286","16,973","17,878"
ITL3,TLJ13,Buckinghamshire,"9,178","9,650","10,129","10,499","10,817","11,331","11,512","12,134","12,548","13,140","13,764","13,394","13,631","14,233","14,585","15,061","15,574","15,773","16,138","16,402","17,011","18,310","17,654","18,761","19,960","21,363"
ITL3,TLJ14,Oxfordshire CC,"11,962","12,475","13,090","13,465","14,297","15,052","15,292","16,003","16,520","17,316","18,337","17,851","18,594","19,353","20,090","20,969","22,151","22,909","22,874","23,497","24,589","26,279","26,799","27,699","30,484","32,077"
ITL3,TLJ15,Berkshire East,"11,192","11,947","12,648","13,012","13,613","14,537","14,725","15,448","15,941","16,723","17,384","17,109","17,530","18,420","18,867","19,555","20,052","20,639","21,139","22,070","22,668","23,211","22,982","23,942","24,765","26,107"
ITL3,TLJ16,Berkshire West,"10,923","11,788","12,506","12,681","13,100","14,013","14,675","15,673","16,401","17,229","17,792","17,673","17,908","18,766","19,884","20,018","21,095","21,794","22,480","22,868","24,889","26,895","27,152","28,186","29,401","32,771"
ITL2,TLJ2,"Surrey, East and West Sussex","46,929","50,031","52,460","54,308","56,327","58,361","60,059","62,653","66,926","69,566","72,930","71,375","73,978","75,386","78,370","81,678","84,975","87,735","90,214","93,600","95,688","100,308","96,313","100,685","110,145","118,815"
ITL3,TLJ21,Brighton and Hove,"3,770","4,019","4,225","4,515","4,694","4,867","5,063","5,397","5,794","6,013","6,318","6,320","6,423","6,621","7,100","7,561","7,909","8,152","8,606","9,006","9,363","9,855","9,564","10,367","11,979","13,272"
ITL3,TLJ22,East Sussex CC,"5,471","5,782","6,040","6,316","6,592","6,864","7,038","7,371","7,692","7,932","8,417","8,070","8,311","8,529","8,561","8,836","9,289","9,704","10,237","10,537","10,731","11,229","10,953","11,762","12,622","13,661"
ITL3,TLJ25,West Surrey,"15,911","17,031","18,070","18,667","19,166","19,887","20,380","21,278","22,714","23,555","24,701","24,238","25,202","25,709","26,542","27,845","29,526","30,865","31,471","32,514","33,779","35,965","35,989","36,382","39,005","40,968"
ITL3,TLJ26,East Surrey,"8,828","9,354","9,753","10,140","10,449","10,686","11,325","11,940","13,164","13,725","13,990","14,001","14,406","14,381","15,165","15,920","16,143","15,750","15,562","15,867","15,146","15,562","14,447","15,348","17,399","19,170"
ITL3,TLJ27,West Sussex (South West),"5,647","6,145","6,429","6,595","7,018","7,387","7,483","7,661","8,019","8,328","8,828","8,437","8,828","9,054","9,478","9,811","9,975","10,444","10,999","11,789","12,242","12,780","12,360","13,110","14,064","15,231"
ITL3,TLJ28,West Sussex (North East),"7,302","7,699","7,942","8,076","8,407","8,671","8,769","9,007","9,544","10,012","10,676","10,309","10,808","11,091","11,524","11,704","12,134","12,820","13,339","13,887","14,427","14,917","12,999","13,717","15,077","16,514"
ITL2,TLJ3,Hampshire and Isle of Wight,"30,955","31,692","33,412","35,166","36,892","38,290","40,499","42,517","43,895","46,251","48,246","47,621","49,921","51,939","53,651","55,834","57,722","59,544","61,310","64,445","66,103","69,882","66,489","70,697","75,491","81,047"
ITL3,TLJ31,Portsmouth,"3,120","3,219","3,362","3,530","3,737","3,912","4,186","4,427","4,586","4,892","5,184","5,131","5,300","5,465","5,782","5,969","6,179","6,196","6,236","6,616","6,729","7,212","7,028","7,309","7,808","8,689"
ITL3,TLJ32,Southampton,"3,662","3,756","3,881","4,077","4,386","4,658","5,140","5,435","5,553","5,870","6,192","6,351","6,598","7,126","7,226","7,418","7,641","8,166","8,312","9,113","9,422","9,688","9,178","9,596","9,958","10,905"
ITL3,TLJ34,Isle of Wight,"1,373","1,432","1,502","1,560","1,674","1,756","1,866","1,932","2,038","2,092","2,199","2,109","2,189","2,298","2,409","2,576","2,703","2,769","2,769","2,905","2,952","3,127","2,977","3,194","3,534","3,774"
ITL3,TLJ35,South Hampshire,"6,318","6,399","6,751","7,082","7,366","7,566","7,912","8,285","8,617","9,027","9,415","9,125","9,709","10,081","10,536","10,928","11,490","11,697","12,167","12,639","12,371","12,783","12,158","12,914","13,971","14,979"
ITL3,TLJ36,Central Hampshire,"8,934","9,138","9,605","10,059","10,324","10,728","11,223","11,751","12,106","12,674","13,103","12,800","13,449","13,901","14,332","14,840","15,469","16,269","16,789","17,536","17,920","18,813","17,542","19,006","20,502","21,674"
ITL3,TLJ37,North Hampshire,"7,548","7,748","8,311","8,858","9,406","9,669","10,172","10,687","10,994","11,695","12,153","12,106","12,675","13,068","13,365","14,102","14,240","14,447","15,037","15,636","16,711","18,259","17,605","18,678","19,718","21,025"
ITL2,TLJ4,Kent,"23,462","24,433","25,221","26,203","27,241","28,750","30,251","31,964","32,936","34,318","36,329","34,578","36,224","37,705","38,736","40,169","41,761","43,832","46,010","47,492","49,220","51,617","49,811","52,757","57,207","61,749"
ITL3,TLJ41,Medway,"2,938","3,030","3,085","3,237","3,404","3,619","3,810","4,048","4,240","4,417","4,670","4,525","4,743","4,912","5,160","5,355","5,473","5,634","5,893","6,208","6,373","6,794","6,762","6,875","7,748","8,641"
ITL3,TLJ43,Kent Thames Gateway,"4,671","4,835","4,934","5,150","5,482","5,809","5,998","6,215","6,331","6,610","7,025","6,520","6,834","7,106","7,355","7,655","8,165","8,677","9,293","9,218","9,534","10,102","9,710","10,539","10,874","11,625"
ITL3,TLJ44,East Kent,"5,728","6,027","6,359","6,548","6,676","7,086","7,577","7,975","8,083","8,366","8,994","8,518","8,911","9,331","9,441","9,734","10,098","10,494","10,775","11,299","11,650","11,914","11,301","12,004","13,575","14,669"
ITL3,TLJ45,Mid Kent,"3,910","4,051","4,191","4,372","4,555","4,796","5,045","5,318","5,549","5,838","6,156","5,839","6,111","6,325","6,461","6,662","7,041","7,367","7,606","7,839","8,210","8,790","8,519","8,995","9,848","10,656"
ITL3,TLJ46,West Kent,"6,216","6,490","6,652","6,896","7,124","7,439","7,821","8,409","8,732","9,087","9,483","9,175","9,625","10,032","10,320","10,762","10,985","11,660","12,443","12,928","13,454","14,016","13,519","14,344","15,162","16,157"
ITL1,TLK,South West,"74,697","78,553","82,250","86,457","90,279","95,193","100,583","105,270","110,242","114,869","119,707","117,080","122,091","124,755","128,631","132,651","139,653","142,600","147,827","155,570","160,370","167,073","158,048","176,624","192,636","207,643"
ITL2,TLK3,Cornwall and Isles of Scilly,"5,613","5,819","6,155","6,467","6,973","7,558","7,858","8,357","8,922","9,141","9,575","9,062","9,285","9,653","10,026","10,419","10,763","10,979","11,570","12,484","13,008","13,526","12,509","14,416","15,737","16,616"
ITL3,TLK30,Cornwall and Isles of Scilly,"5,613","5,819","6,155","6,467","6,973","7,558","7,858","8,357","8,922","9,141","9,575","9,062","9,285","9,653","10,026","10,419","10,763","10,979","11,570","12,484","13,008","13,526","12,509","14,416","15,737","16,616"
ITL2,TLK4,Devon,"14,180","14,927","15,325","15,981","16,786","17,757","19,278","20,054","21,166","21,546","22,252","21,637","22,667","23,328","23,992","24,898","25,808","26,635","27,392","28,601","29,181","30,049","27,877","32,434","35,209","37,575"
ITL3,TLK41,Plymouth,"3,123","3,296","3,350","3,530","3,677","3,900","4,276","4,417","4,690","4,773","4,978","4,863","5,078","5,286","5,463","5,620","5,790","5,980","6,180","6,357","6,563","6,694","6,206","7,131","7,662","8,182"
ITL3,TLK42,Torbay,"1,323","1,406","1,439","1,499","1,557","1,635","1,813","1,889","1,983","2,023","2,064","1,971","2,056","2,084","2,111","2,193","2,231","2,234","2,267","2,289","2,262","2,349","2,218","2,606","2,798","2,996"
ITL3,TLK43,Devon CC,"9,734","10,225","10,536","10,953","11,553","12,222","13,189","13,749","14,492","14,750","15,211","14,804","15,534","15,959","16,418","17,085","17,788","18,421","18,946","19,955","20,356","21,005","19,453","22,697","24,750","26,397"
ITL2,TLK5,West of England,"14,661","15,421","16,346","17,552","18,398","19,354","20,448","21,168","22,157","23,482","24,580","24,522","25,681","26,178","27,400","27,849","29,612","30,374","32,076","33,552","34,161","35,867","34,586","39,050","42,590","47,109"
ITL3,TLK51,"Bristol, City of","6,911","7,238","7,644","8,243","8,594","9,001","9,574","9,878","10,351","11,172","11,686","11,875","12,494","12,586","13,143","13,399","14,074","14,717","15,675","16,769","16,670","17,534","16,769","19,190","20,651","22,772"
ITL3,TLK52,Bath & North East Somerset and South Gloucestershire,"7,751","8,182","8,702","9,310","9,804","10,353","10,874","11,290","11,805","12,311","12,894","12,647","13,187","13,591","14,257","14,450","15,537","15,657","16,401","16,783","17,491","18,333","17,817","19,860","21,939","24,337"
ITL2,TLK6,"North Somerset, Somerset and Dorset","19,520","20,693","21,793","22,251","23,004","24,125","25,365","26,826","28,023","28,846","30,204","29,252","30,144","30,876","31,574","32,649","34,348","34,918","36,169","38,427","39,793","41,268","39,525","42,988","46,842","50,646"
ITL3,TLK61,North Somerset,"2,518","2,632","2,743","2,874","2,998","3,141","3,303","3,404","3,505","3,660","3,773","3,609","3,777","3,866","4,006","4,206","4,453","4,585","4,846","4,905","5,080","5,293","5,041","5,671","6,018","6,580"
ITL3,TLK62,Somerset,"6,918","7,328","7,706","7,824","8,135","8,507","8,986","9,530","10,004","10,185","10,603","10,306","10,590","10,913","11,126","11,278","12,027","12,232","12,462","13,376","13,928","14,331","13,858","14,723","16,064","17,717"
ITL3,TLK63,"Bournemouth, Christchurch and Poole","5,395","5,715","5,992","6,195","6,357","6,783","7,147","7,609","7,987","8,317","8,707","8,555","8,711","8,912","9,047","9,572","9,915","10,116","10,705","11,578","11,609","12,143","11,599","12,673","13,798","14,969"
ITL3,TLK64,Dorset,"4,689","5,018","5,352","5,358","5,514","5,695","5,928","6,282","6,528","6,684","7,121","6,783","7,066","7,185","7,394","7,593","7,953","7,984","8,156","8,568","9,176","9,501","9,028","9,921","10,962","11,380"
ITL2,TLK7,Gloucestershire and Wiltshire,"20,723","21,693","22,631","24,206","25,118","26,399","27,633","28,866","29,974","31,854","33,096","32,606","34,314","34,720","35,640","36,836","39,122","39,694","40,621","42,505","44,226","46,363","43,550","47,735","52,258","55,698"
ITL3,TLK71,Swindon,"4,266","4,441","4,610","5,039","5,310","5,721","5,999","6,375","6,845","7,542","8,012","7,952","8,102","8,024","8,103","8,381","9,115","9,476","9,641","9,886","10,638","11,021","10,075","10,781","12,878","13,650"
ITL3,TLK72,Wiltshire,"6,510","6,883","7,212","7,741","8,044","8,386","8,788","9,068","9,343","9,835","10,223","9,989","10,581","10,924","11,346","11,676","12,365","12,358","12,735","13,119","13,566","14,055","13,393","14,931","16,111","17,265"
ITL3,TLK73,Gloucestershire CC,"9,947","10,370","10,809","11,426","11,764","12,291","12,846","13,423","13,786","14,477","14,860","14,665","15,630","15,772","16,191","16,779","17,642","17,859","18,245","19,500","20,022","21,287","20,082","22,024","23,269","24,782"
ITL1,TLL,Wales,"37,086","38,088","39,851","41,135","42,938","45,727","48,467","50,757","53,437","55,546","56,019","54,903","56,879","59,566","61,452","63,805","65,581","67,537","70,321","72,897","75,538","78,759","74,145","78,743","85,996","92,767"
ITL2,TLL3,North Wales,"8,528","8,624","9,025","9,313","9,700","10,329","10,931","11,450","12,105","12,390","12,608","12,214","12,697","13,520","13,960","14,599","14,716","15,187","15,716","16,373","17,007","17,582","16,480","17,845","19,550","21,477"
ITL3,TLL31,Isle of Anglesey,671,685,714,740,767,839,943,970,"1,001","1,013","1,022",945,955,"1,018","1,044","1,062","1,078","1,139","1,209","1,246","1,296","1,357","1,200","1,350","1,599","1,682"
ITL3,TLL32,Gwynedd,"1,506","1,508","1,562","1,613","1,740","1,879","1,973","2,115","2,260","2,313","2,343","2,255","2,259","2,361","2,421","2,541","2,547","2,603","2,614","2,765","2,816","2,903","2,591","2,856","3,069","3,312"
ITL3,TLL33,Conwy and Denbighshire,"2,133","2,176","2,269","2,370","2,530","2,686","2,844","2,974","3,110","3,169","3,204","3,065","3,203","3,356","3,392","3,618","3,758","3,852","4,024","4,292","4,384","4,509","4,264","4,521","4,911","5,360"
ITL3,TLL34,Flintshire and Wrexham,"4,219","4,255","4,480","4,590","4,662","4,924","5,171","5,392","5,734","5,896","6,039","5,949","6,279","6,785","7,103","7,378","7,333","7,593","7,869","8,070","8,511","8,813","8,424","9,118","9,970","11,123"
ITL2,TLL4,Mid and South West Wales,"10,021","10,152","10,562","10,989","11,397","12,134","13,064","13,590","14,190","14,834","15,039","14,529","15,061","15,580","16,053","16,808","17,451","18,203","18,857","19,461","20,066","20,987","19,379","20,537","22,754","24,279"
ITL3,TLL41,Mid Wales,"2,230","2,283","2,416","2,530","2,663","2,864","3,000","3,089","3,226","3,326","3,289","3,231","3,348","3,516","3,598","3,716","3,763","3,929","4,038","4,115","4,254","4,301","4,098","4,316","4,757","5,186"
ITL3,TLL42,South West Wales,"3,288","3,270","3,365","3,560","3,683","3,948","4,389","4,495","4,593","4,889","4,928","4,575","4,759","4,897","5,148","5,526","5,645","6,212","6,369","6,570","6,641","7,135","6,436","6,871","8,091","8,427"
ITL3,TLL43,Swansea,"2,923","2,987","3,105","3,283","3,427","3,653","3,961","4,205","4,394","4,574","4,722","4,712","4,741","4,916","5,006","5,146","5,557","5,483","5,748","5,999","6,323","6,517","6,056","6,284","6,766","7,302"
ITL3,TLL44,Neath Port Talbot,"1,580","1,613","1,675","1,616","1,625","1,669","1,714","1,800","1,977","2,046","2,101","2,011","2,213","2,251","2,301","2,420","2,487","2,579","2,701","2,777","2,848","3,034","2,789","3,067","3,141","3,364"
ITL2,TLL5,South East Wales,"18,537","19,312","20,264","20,833","21,840","23,265","24,471","25,717","27,141","28,321","28,371","28,159","29,121","30,466","31,439","32,399","33,413","34,147","35,748","37,063","38,465","40,189","38,286","40,361","43,691","47,011"
ITL3,TLL51,Central Valleys and Bridgend,"4,848","4,948","5,132","5,229","5,534","5,862","6,165","6,501","6,878","7,073","7,266","7,199","7,636","7,974","8,120","8,485","8,867","8,835","9,152","9,508","9,812","10,257","9,623","10,055","10,923","11,593"
ITL3,TLL52,Cardiff and Vale of Glamorgan,"6,942","7,419","7,779","8,086","8,541","9,136","9,582","10,123","10,702","11,421","11,341","11,462","11,581","12,060","12,659","13,022","13,426","13,791","14,559","15,041","15,363","16,124","15,610","16,583","18,034","19,570"
ITL3,TLL53,Gwent Valleys,"3,409","3,449","3,619","3,679","3,807","4,009","4,212","4,404","4,624","4,689","4,719","4,581","4,792","5,100","5,171","5,390","5,519","5,681","5,856","6,125","6,414","6,721","6,325","6,745","7,091","7,605"
ITL3,TLL54,Monmouthshire and Newport,"3,338","3,496","3,734","3,838","3,958","4,257","4,512","4,689","4,937","5,137","5,047","4,917","5,113","5,331","5,489","5,502","5,601","5,839","6,181","6,388","6,876","7,087","6,728","6,978","7,644","8,244"
ITL1,TLM,Scotland,"78,219","79,925","83,310","87,965","91,522","96,816","103,118","109,293","116,701","121,703","126,644","125,071","126,694","130,975","135,006","141,046","147,604","149,354","151,973","159,217","162,423","168,993","158,489","171,688","188,246","204,188"
ITL2,TLM0,Eastern Scotland,"12,003","12,152","12,617","13,078","13,712","14,545","15,239","15,989","17,268","18,034","18,416","18,171","18,353","18,891","19,603","20,480","21,365","21,769","22,223","23,019","23,241","24,381","22,847","24,656","26,764","28,478"
ITL3,TLM01,Clackmannanshire and Fife,"4,882","4,992","5,174","5,334","5,572","5,871","6,150","6,442","6,989","7,279","7,540","7,262","7,417","7,610","7,854","8,168","8,594","8,792","9,084","9,393","9,436","9,854","9,530","10,320","11,223","11,648"
ITL3,TLM02,"Perth and Kinross, and Stirling","3,803","3,786","3,865","4,040","4,290","4,586","4,820","5,097","5,554","5,828","5,853","6,000","5,905","6,069","6,428","6,785","6,990","7,187","7,218","7,548","7,539","7,903","7,144","7,586","8,235","8,949"
ITL3,TLM03,Angus and Dundee City,"3,319","3,374","3,578","3,704","3,850","4,088","4,269","4,450","4,725","4,927","5,023","4,909","5,031","5,212","5,322","5,527","5,781","5,790","5,920","6,078","6,266","6,624","6,173","6,750","7,305","7,881"
ITL2,TLM1,East Central Scotland,"17,017","17,322","18,373","19,525","20,748","22,321","24,104","25,403","26,849","28,147","28,515","28,895","29,306","29,816","30,817","31,911","33,236","34,282","36,467","38,590","40,046","41,833","39,497","43,755","49,126","53,835"
ITL3,TLM11,East Lothian and Midlothian,"1,689","1,743","1,834","1,902","2,003","2,124","2,243","2,321","2,465","2,567","2,632","2,542","2,627","2,760","2,854","3,085","3,275","3,408","3,540","3,734","3,939","4,121","3,884","4,282","4,773","5,185"
ITL3,TLM12,Falkirk,"2,330","2,322","2,401","2,497","2,587","2,793","2,961","3,162","3,363","3,437","3,668","3,575","3,656","3,659","3,654","3,773","3,918","4,071","4,086","4,223","4,382","4,587","4,339","4,686","4,945","5,120"
ITL3,TLM13,City of Edinburgh,"10,433","10,603","11,427","12,317","13,194","14,264","15,557","16,442","17,311","18,251","18,196","18,938","19,029","19,186","20,023","20,835","21,618","22,104","24,038","25,608","26,436","27,676","25,982","28,944","32,892","36,528"
ITL3,TLM14,West Lothian,"2,565","2,653","2,711","2,809","2,963","3,141","3,344","3,478","3,711","3,892","4,020","3,841","3,994","4,211","4,286","4,219","4,425","4,699","4,802","5,024","5,289","5,449","5,291","5,842","6,516","7,003"
ITL2,TLM2,Highlands and Islands,"6,374","6,707","6,948","7,282","7,454","8,127","8,748","9,366","9,769","10,127","10,705","10,559","10,901","11,565","11,803","12,200","12,579","12,649","12,777","13,679","13,892","14,607","13,582","14,409","15,859","17,129"
ITL3,TLM20,Highlands and Islands,"6,374","6,707","6,948","7,282","7,454","8,127","8,748","9,366","9,769","10,127","10,705","10,559","10,901","11,565","11,803","12,200","12,579","12,649","12,777","13,679","13,892","14,607","13,582","14,409","15,859","17,129"
ITL2,TLM3,West Central Scotland,"22,102","22,672","23,580","24,981","25,664","27,019","29,006","30,890","32,525","33,263","34,634","33,904","33,750","35,079","35,788","37,359","39,521","40,084","40,947","43,311","44,300","46,212","44,026","48,429","52,746","57,632"
ITL3,TLM31,East Dunbartonshire and West Dunbartonshire,"1,903","1,961","2,037","2,160","2,231","2,351","2,496","2,651","2,795","2,816","2,919","2,815","2,838","2,971","2,987","3,063","3,286","3,369","3,545","3,756","3,910","4,039","3,670","4,065","4,459","4,939"
ITL3,TLM32,Glasgow City,"11,620","12,030","12,479","13,250","13,492","14,233","15,469","16,668","17,584","18,210","18,798","18,648","18,379","19,065","19,415","20,368","21,003","21,211","21,651","22,854","23,336","24,575","23,661","26,080","29,074","31,757"
ITL3,TLM33,"Inverclyde, East Renfrewshire, and Renfrewshire","4,249","4,303","4,537","4,768","4,944","5,143","5,446","5,649","5,896","5,878","6,192","5,939","5,972","6,270","6,444","6,688","7,236","7,418","7,429","7,794","7,912","8,060","7,573","8,427","8,663","9,249"
ITL3,TLM34,North Lanarkshire,"4,330","4,377","4,526","4,803","4,997","5,292","5,595","5,921","6,250","6,360","6,725","6,501","6,561","6,773","6,942","7,240","7,997","8,087","8,323","8,907","9,142","9,538","9,122","9,857","10,549","11,687"
ITL2,TLM5,North Eastern Scotland,"8,991","9,032","9,268","9,966","10,396","10,557","11,149","11,822","13,372","14,900","16,341","15,935","16,528","17,205","18,123","19,473","20,410","19,853","18,463","18,420","18,578","18,857","16,876","17,358","18,938","20,200"
ITL3,TLM50,Aberdeen City and Aberdeenshire,"8,991","9,032","9,268","9,966","10,396","10,557","11,149","11,822","13,372","14,900","16,341","15,935","16,528","17,205","18,123","19,473","20,410","19,853","18,463","18,420","18,578","18,857","16,876","17,358","18,938","20,200"
ITL2,TLM9,Southern Scotland,"11,731","12,039","12,524","13,132","13,548","14,247","14,872","15,824","16,919","17,232","18,034","17,608","17,857","18,419","18,871","19,622","20,493","20,716","21,096","22,199","22,366","23,103","21,661","23,082","24,814","26,913"
ITL3,TLM91,Scottish Borders,"1,460","1,460","1,507","1,575","1,640","1,703","1,743","1,846","1,967","2,005","2,077","2,019","2,076","2,161","2,204","2,307","2,478","2,532","2,547","2,671","2,788","2,870","2,708","2,925","3,054","3,206"
ITL3,TLM92,Dumfries and Galloway,"2,090","2,172","2,302","2,449","2,504","2,655","2,742","2,885","3,039","3,080","3,247","3,150","3,136","3,286","3,366","3,532","3,695","3,697","3,768","3,973","3,959","4,163","3,904","4,126","4,338","4,665"
ITL3,TLM93,North Ayrshire and East Ayrshire,"2,668","2,778","2,883","2,991","3,024","3,158","3,280","3,524","3,767","3,884","4,039","3,926","4,021","4,115","4,236","4,383","4,514","4,560","4,649","4,856","4,856","5,010","4,849","5,227","5,589","6,137"
ITL3,TLM94,South Ayrshire,"1,544","1,582","1,693","1,764","1,837","1,900","2,015","2,123","2,245","2,239","2,334","2,296","2,366","2,434","2,438","2,456","2,581","2,632","2,665","2,790","2,862","2,917","2,587","2,760","3,069","3,361"
ITL3,TLM95,South Lanarkshire,"3,968","4,047","4,139","4,353","4,543","4,831","5,092","5,446","5,901","6,024","6,336","6,218","6,258","6,423","6,628","6,944","7,225","7,295","7,466","7,910","7,900","8,143","7,612","8,044","8,764","9,543"
ITL1,TLN,Northern Ireland,"22,285","23,604","25,388","26,500","27,376","29,506","30,908","32,738","34,728","36,171","36,523","35,642","35,838","37,057","38,458","39,663","40,871","42,348","44,721","46,559","47,648","50,075","47,589","52,872","57,558","63,265"
ITL2,TLN0,Northern Ireland,"22,285","23,604","25,388","26,500","27,376","29,506","30,908","32,738","34,728","36,171","36,523","35,642","35,838","37,057","38,458","39,663","40,871","42,348","44,721","46,559","47,648","50,075","47,589","52,872","57,558","63,265"
ITL3,TLN06,Belfast,"6,120","6,509","7,007","7,391","7,691","8,433","8,951","9,464","9,986","10,469","10,635","10,592","10,372","10,758","11,013","11,643","11,792","12,238","13,076","13,911","14,302","14,855","14,074","16,124","17,673","19,651"
ITL3,TLN07,"Armagh City, Banbridge and Craigavon","1,920","2,023","2,162","2,320","2,386","2,543","2,668","2,841","3,029","3,226","3,238","3,114","3,198","3,329","3,417","3,622","3,794","3,939","4,220","4,384","4,612","4,852","4,570","5,072","5,478","6,119"
ITL3,TLN08,"Newry, Mourne and Down","1,547","1,649","1,776","1,875","1,935","2,076","2,181","2,324","2,472","2,561","2,624","2,499","2,529","2,688","2,796","2,936","3,108","3,187","3,380","3,508","3,632","3,862","3,661","3,990","4,342","4,727"
ITL3,TLN09,Ards and North Down,"1,274","1,346","1,434","1,511","1,569","1,676","1,726","1,851","1,974","2,050","2,074","1,964","1,975","2,078","2,139","2,102","2,190","2,216","2,407","2,541","2,621","2,706","2,590","2,805","2,998","3,216"
ITL3,TLN0A,Derry City and Strabane,"1,507","1,588","1,656","1,722","1,774","1,980","2,031","2,213","2,377","2,399","2,479","2,451","2,455","2,544","2,644","2,689","2,742","2,793","2,975","3,149","3,209","3,442","3,403","3,663","4,020","4,255"
ITL3,TLN0B,Mid Ulster,"1,733","1,848","2,018","2,091","2,140","2,358","2,447","2,623","2,780","2,921","2,829","2,560","2,710","2,791","2,851","3,047","3,207","3,335","3,502","3,644","3,915","4,213","3,863","4,322","4,834","5,215"
ITL3,TLN0C,Causeway Coast and Glens,"1,330","1,415","1,555","1,586","1,637","1,772","1,836","1,950","2,087","2,152","2,154","2,069","2,123","2,243","2,303","2,326","2,364","2,377","2,537","2,652","2,634","2,729","2,533","2,844","3,087","3,329"
ITL3,TLN0D,Antrim and Newtownabbey,"1,835","1,943","2,082","2,193","2,256","2,369","2,468","2,578","2,742","2,904","2,867","2,740","2,812","2,937","3,006","3,017","3,205","3,306","3,433","3,637","3,707","3,918","3,850","4,121","4,334","4,838"
ITL3,TLN0E,Lisburn and Castlereagh,"1,646","1,741","1,872","1,985","2,038","2,181","2,248","2,392","2,537","2,645","2,647","2,587","2,619","2,718","2,833","2,913","3,015","3,150","3,311","3,414","3,616","3,841","3,610","4,008","4,388","4,850"
ITL3,TLN0F,Mid and East Antrim,"2,126","2,228","2,431","2,361","2,431","2,483","2,636","2,642","2,768","2,821","2,943","3,110","3,081","2,958","3,327","3,319","3,273","3,597","3,532","3,229","2,809","2,947","2,811","3,056","3,316","3,680"
ITL3,TLN0G,Fermanagh and Omagh,"1,245","1,314","1,394","1,464","1,518","1,634","1,717","1,862","1,976","2,023","2,033","1,955","1,963","2,013","2,129","2,049","2,183","2,209","2,350","2,489","2,590","2,712","2,622","2,866","3,089","3,386"
Other,TLZ,Extra-Regio,"11,900","13,370","20,063","19,749","17,339","17,749","19,027","22,312","23,380","22,605","26,913","18,562","23,953","26,185","23,320","21,761","17,641","10,505","10,507","14,755","20,181","18,506","12,208","18,831","37,284","30,180"
UK,UKX,United Kingdom less Extra-Regio,"986,601","1,029,878","1,080,689","1,126,386","1,174,100","1,240,585","1,303,610","1,376,437","1,448,658","1,522,032","1,566,687","1,530,240","1,584,600","1,636,405","1,690,395","1,759,600","1,844,873","1,905,946","1,981,138","2,067,727","2,132,123","2,215,415","2,091,278","2,266,569","2,489,144","2,689,849"
