model_no,k_name,l1,l2,b,meas_error,lppd_exact
1,ksqexp,1,1.5,0.5,0.1,-823.0336507098699
2,ksqexp,1,1.5,0.5,0.05,-3202.0331080392566
3,ksqexp,1,1.5,1,0.1,-809.7447721008083
4,ksqexp,1,1.5,1,0.05,-3159.397029902905
5,ksqexp,1,1.5,1.5,0.1,-805.4709505061788
6,ksqexp,1,1.5,1.5,0.05,-3130.227885428723
7,ksqexp,1,2,0.5,0.1,-781.9554294994979
8,ksqexp,1,2,0.5,0.05,-3012.4024860358663
9,ksqexp,1,2,1,0.1,-774.6698460319607
10,ksqexp,1,2,1,0.05,-2918.4852615545947
11,ksqexp,1,2,1.5,0.1,-769.3906129355192
12,ksqexp,1,2,1.5,0.05,-2852.068227734231
13,ksqexp,1,3,0.5,0.1,-741.0080344006656
14,ksqexp,1,3,0.5,0.05,-2726.8983705927058
15,ksqexp,1,3,1,0.1,-724.599229669727
16,ksqexp,1,3,1,0.05,-2570.177984416675
17,ksqexp,1,3,1.5,0.1,-713.5075326595631
18,ksqexp,1,3,1.5,0.05,-2445.677972179898
19,ksqexp,1,3.5,0.5,0.1,-726.2447285497477
20,ksqexp,1,3.5,0.5,0.05,-2632.3949078470664
21,ksqexp,1,3.5,1,0.1,-708.2957115403161
22,ksqexp,1,3.5,1,0.05,-2435.60428774324
23,ksqexp,1,3.5,1.5,0.1,-695.5174605751007
24,ksqexp,1,3.5,1.5,0.05,-2275.1549683521584
25,ksqexp,1,4,0.5,0.1,-714.914096742688
26,ksqexp,1,4,0.5,0.05,-2551.393214108226
27,ksqexp,1,4,1,0.1,-695.5918265049337
28,ksqexp,1,4,1,0.05,-2313.5668512317293
29,ksqexp,1,4,1.5,0.1,-680.5447424980392
30,ksqexp,1,4,1.5,0.05,-2121.9826954291234
31,ksqexp,1,4.5,0.5,0.1,-705.8684847210276
32,ksqexp,1,4.5,0.5,0.05,-2476.1116722314464
33,ksqexp,1,4.5,1,0.1,-684.5521434819489
34,ksqexp,1,4.5,1,0.05,-2199.3036942533267
35,ksqexp,1,4.5,1.5,0.1,-666.700060769539
36,ksqexp,1,4.5,1.5,0.05,-1982.3232498762218
37,ksqexp,1,5,0.5,0.1,-698.0942543101513
38,ksqexp,1,5,0.5,0.05,-2401.896792005704
39,ksqexp,1,5,1,0.1,-673.9524826065164
40,ksqexp,1,5,1,0.05,-2088.753102391012
41,ksqexp,1,5,1.5,0.1,-652.8672091208814
42,ksqexp,1,5,1.5,0.05,-1851.442900269939
43,ksqexp,1,6,0.5,0.1,-683.7640196758907
44,ksqexp,1,6,0.5,0.05,-2250.1139919322686
45,ksqexp,1,6,1,0.1,-651.890819172379
46,ksqexp,1,6,1,0.05,-1874.0479060050643
47,ksqexp,1,6,1.5,0.1,-623.5821629255611
48,ksqexp,1,6,1.5,0.05,-1609.479997205824
49,ksqexp,1,10,0.5,0.1,-619.6110076915187
50,ksqexp,1,10,0.5,0.05,-1652.1328073215063
51,ksqexp,1,10,1,0.1,-549.3169737828727
52,ksqexp,1,10,1,0.05,-1179.022600319402
53,ksqexp,1,10,1.5,0.1,-495.5168813252951
54,ksqexp,1,10,1.5,0.05,-923.9325201675769
55,ksqexp,1,50,0.5,0.1,-164.58106941803325
56,ksqexp,1,50,0.5,0.05,-185.32601264231232
57,ksqexp,1,50,1,0.1,-116.34387809093484
58,ksqexp,1,50,1,0.05,-121.97677338021742
59,ksqexp,1,50,1.5,0.1,-101.77218565897464
60,ksqexp,1,50,1.5,0.05,-104.27454199287648
61,ksqexp,1,100,0.5,0.1,-81.46024456089938
62,ksqexp,1,100,0.5,0.05,-83.21767172131354
63,ksqexp,1,100,1,0.1,-71.45700398025551
64,ksqexp,1,100,1,0.05,-71.78908159623157
65,ksqexp,1,100,1.5,0.1,-72.15842047283265
66,ksqexp,1,100,1.5,0.05,-72.25204126470341
67,ksqexp,1.5,1.5,0.5,0.1,-952.8399108449865
68,ksqexp,1.5,1.5,0.5,0.05,-3880.046407564285
69,ksqexp,1.5,1.5,1,0.1,-963.2032880585467
70,ksqexp,1.5,1.5,1,0.05,-3764.6255636204596
71,ksqexp,1.5,1.5,1.5,0.1,-961.8388540425855
72,ksqexp,1.5,1.5,1.5,0.05,-3679.452189601359
73,ksqexp,1.5,2,0.5,0.1,-859.0850501807671
74,ksqexp,1.5,2,0.5,0.05,-3298.988374125172
75,ksqexp,1.5,2,1,0.1,-837.8588357553919
76,ksqexp,1.5,2,1,0.05,-3247.980913765561
77,ksqexp,1.5,2,1.5,0.1,-828.3842089659851
78,ksqexp,1.5,2,1.5,0.05,-3226.966091198503
79,ksqexp,1.5,3,0.5,0.1,-781.2845683376113
80,ksqexp,1.5,3,0.5,0.05,-3014.0352879174848
81,ksqexp,1.5,3,1,0.1,-774.6350402347639
82,ksqexp,1.5,3,1,0.05,-2920.7282644543
83,ksqexp,1.5,3,1.5,0.1,-769.6391394862405
84,ksqexp,1.5,3,1.5,0.05,-2854.0060271079583
85,ksqexp,1.5,3.5,0.5,0.1,-766.5556305221962
86,ksqexp,1.5,3.5,0.5,0.05,-2900.545377732249
87,ksqexp,1.5,3.5,1,0.1,-756.0633033019349
88,ksqexp,1.5,3.5,1,0.05,-2784.0721393922995
89,ksqexp,1.5,3.5,1.5,0.1,-747.9195451247166
90,ksqexp,1.5,3.5,1.5,0.05,-2701.626476916323
91,ksqexp,1.5,4,0.5,0.1,-753.0378595442294
92,ksqexp,1.5,4,0.5,0.05,-2805.125953402117
93,ksqexp,1.5,4,1,0.1,-739.0147878186177
94,ksqexp,1.5,4,1,0.05,-2669.7289468570093
95,ksqexp,1.5,4,1.5,0.1,-729.0155804638179
96,ksqexp,1.5,4,1.5,0.05,-2567.74344526726
97,ksqexp,1.5,4.5,0.5,0.1,-740.9850141968093
98,ksqexp,1.5,4.5,0.5,0.05,-2727.232919682451
99,ksqexp,1.5,4.5,1,0.1,-724.8186654024123
100,ksqexp,1.5,4.5,1,0.05,-2569.0039080881597
101,ksqexp,1.5,4.5,1.5,0.1,-713.6793098323233
102,ksqexp,1.5,4.5,1.5,0.05,-2443.375164679855
103,ksqexp,1.5,5,0.5,0.1,-730.6943739400434
104,ksqexp,1.5,5,0.5,0.05,-2661.33699711805
105,ksqexp,1.5,5,1,0.1,-713.2847838072947
106,ksqexp,1.5,5,1,0.05,-2476.6925536264935
107,ksqexp,1.5,5,1.5,0.1,-701.0290376057385
108,ksqexp,1.5,5,1.5,0.05,-2326.7401033432284
109,ksqexp,1.5,6,0.5,0.1,-714.6913745233685
110,ksqexp,1.5,6,0.5,0.05,-2549.3817430357344
111,ksqexp,1.5,6,1,0.1,-695.3485835556238
112,ksqexp,1.5,6,1,0.05,-2309.914260733545
113,ksqexp,1.5,6,1.5,0.1,-680.1665338423333
114,ksqexp,1.5,6,1.5,0.05,-2117.303306513285
115,ksqexp,1.5,10,0.5,0.1,-673.174843476432
116,ksqexp,1.5,10,0.5,0.05,-2141.5214057325225
117,ksqexp,1.5,10,1,0.1,-635.0877117325703
118,ksqexp,1.5,10,1,0.05,-1731.163817537583
119,ksqexp,1.5,10,1.5,0.1,-601.6505699681722
120,ksqexp,1.5,10,1.5,0.05,-1457.1276305965416
121,ksqexp,1.5,50,0.5,0.1,-264.41065783463466
122,ksqexp,1.5,50,0.5,0.05,-341.70561555410956
123,ksqexp,1.5,50,1,0.1,-181.2348341628659
124,ksqexp,1.5,50,1,0.05,-205.4025245984239
125,ksqexp,1.5,50,1.5,0.1,-148.80810674783834
126,ksqexp,1.5,50,1.5,0.05,-160.35375299507078
127,ksqexp,1.5,100,0.5,0.1,-117.00422454188754
128,ksqexp,1.5,100,0.5,0.05,-124.42815654740498
129,ksqexp,1.5,100,1,0.1,-89.55195327178517
130,ksqexp,1.5,100,1,0.05,-91.37672920307128
131,ksqexp,1.5,100,1.5,0.1,-83.63565789590321
132,ksqexp,1.5,100,1.5,0.05,-84.38710893211217
133,ksqexp,2,1.5,0.5,0.1,-927.4630452329345
134,ksqexp,2,1.5,0.5,0.05,-3972.0097839851933
135,ksqexp,2,1.5,1,0.1,-946.9169343706893
136,ksqexp,2,1.5,1,0.05,-4064.304540652063
137,ksqexp,2,1.5,1.5,0.1,-961.0520537224044
138,ksqexp,2,1.5,1.5,0.05,-4115.184153312949
139,ksqexp,2,2,0.5,0.1,-953.1239150150373
140,ksqexp,2,2,0.5,0.05,-3871.3761350205064
141,ksqexp,2,2,1,0.1,-962.3751878516698
142,ksqexp,2,2,1,0.05,-3752.220431722815
143,ksqexp,2,2,1.5,0.1,-960.1757625391432
144,ksqexp,2,2,1.5,0.05,-3666.438874366601
145,ksqexp,2,3,0.5,0.1,-818.9259311799062
146,ksqexp,2,3,0.5,0.05,-3198.800143222806
147,ksqexp,2,3,1,0.1,-807.2928086109764
148,ksqexp,2,3,1,0.05,-3161.740375815932
149,ksqexp,2,3,1.5,0.1,-803.9171384188775
150,ksqexp,2,3,1.5,0.05,-3135.5589462558037
151,ksqexp,2,3.5,0.5,0.1,-792.3253626779954
152,ksqexp,2,3.5,0.5,0.05,-3105.5305264368935
153,ksqexp,2,3.5,1,0.1,-787.7119211907773
154,ksqexp,2,3.5,1,0.05,-3043.6712532959436
155,ksqexp,2,3.5,1.5,0.1,-785.7690696092502
156,ksqexp,2,3.5,1.5,0.05,-2993.8565468936986
157,ksqexp,2,4,0.5,0.1,-778.8151388694314
158,ksqexp,2,4,0.5,0.05,-3017.999052618499
159,ksqexp,2,4,1,0.1,-774.104382802538
160,ksqexp,2,4,1,0.05,-2926.8197607331276
161,ksqexp,2,4,1.5,0.1,-769.990153648941
162,ksqexp,2,4,1.5,0.05,-2859.1346256327365
163,ksqexp,2,4.5,0.5,0.1,-768.3709806782028
164,ksqexp,2,4.5,0.5,0.05,-2932.728420240017
165,ksqexp,2,4.5,1,0.1,-760.8222494011912
166,ksqexp,2,4.5,1,0.05,-2820.232789072531
167,ksqexp,2,4.5,1.5,0.1,-754.0571873896318
168,ksqexp,2,4.5,1.5,0.05,-2739.1323494852872
169,ksqexp,2,5,0.5,0.1,-758.6005474656113
170,ksqexp,2,5,0.5,0.05,-2855.069913037599
171,ksqexp,2,5,1,0.1,-747.8233351857326
172,ksqexp,2,5,1,0.05,-2726.066618591526
173,ksqexp,2,5,1.5,0.1,-739.0020732188304
174,ksqexp,2,5,1.5,0.05,-2630.8850122258964
175,ksqexp,2,6,0.5,0.1,-740.6779117353292
176,ksqexp,2,6,0.5,0.05,-2727.952751352121
177,ksqexp,2,6,1,0.1,-725.3412832393017
178,ksqexp,2,6,1,0.05,-2564.155520701537
179,ksqexp,2,6,1.5,0.1,-714.025597142691
180,ksqexp,2,6,1.5,0.05,-2434.519505983506
181,ksqexp,2,10,0.5,0.1,-695.5761152155295
182,ksqexp,2,10,0.5,0.05,-2385.3627052567203
183,ksqexp,2,10,1,0.1,-670.9545899224686
184,ksqexp,2,10,1,0.05,-2066.171345646707
185,ksqexp,2,10,1.5,0.1,-649.1386782119934
186,ksqexp,2,10,1.5,0.05,-1826.7439548272348
187,ksqexp,2,50,0.5,0.1,-351.4016353292683
188,ksqexp,2,50,0.5,0.05,-526.155288007465
189,ksqexp,2,50,1,0.1,-249.52477309336888
190,ksqexp,2,50,1,0.05,-312.02919005427236
191,ksqexp,2,50,1.5,0.1,-202.75759509502652
192,ksqexp,2,50,1.5,0.05,-234.56429966643037
193,ksqexp,2,100,0.5,0.1,-159.1100351090585
194,ksqexp,2,100,0.5,0.05,-179.3431425443275
195,ksqexp,2,100,1,0.1,-113.25098559136515
196,ksqexp,2,100,1,0.05,-118.74982185985621
197,ksqexp,2,100,1.5,0.1,-99.54346428891365
198,ksqexp,2,100,1.5,0.05,-101.98347847981277
199,ksqexp,2.5,1.5,0.5,0.1,-924.5282853840322
200,ksqexp,2.5,1.5,0.5,0.05,-3824.798772769435
201,ksqexp,2.5,1.5,1,0.1,-921.828683747912
202,ksqexp,2.5,1.5,1,0.05,-3874.235515509143
203,ksqexp,2.5,1.5,1.5,0.1,-925.8193161811839
204,ksqexp,2.5,1.5,1.5,0.05,-3911.377641198455
205,ksqexp,2.5,2,0.5,0.1,-939.8242176909952
206,ksqexp,2.5,2,0.5,0.05,-4024.423192208232
207,ksqexp,2.5,2,1,0.1,-962.2096648230148
208,ksqexp,2.5,2,1,0.05,-4096.383814435069
209,ksqexp,2.5,2,1.5,0.1,-976.2545971826845
210,ksqexp,2.5,2,1.5,0.05,-4124.027158661966
211,ksqexp,2.5,3,0.5,0.1,-898.6043550822549
212,ksqexp,2.5,3,0.5,0.05,-3435.0534449554098
213,ksqexp,2.5,3,1,0.1,-876.6522883999115
214,ksqexp,2.5,3,1,0.05,-3345.447916543737
215,ksqexp,2.5,3,1.5,0.1,-862.1258883073201
216,ksqexp,2.5,3,1.5,0.05,-3311.7243449226803
217,ksqexp,2.5,3.5,0.5,0.1,-835.7680331912223
218,ksqexp,2.5,3.5,0.5,0.05,-3243.640869760096
219,ksqexp,2.5,3.5,1,0.1,-819.3885762099192
220,ksqexp,2.5,3.5,1,0.05,-3206.6618023267597
221,ksqexp,2.5,3.5,1.5,0.1,-813.4654933697125
222,ksqexp,2.5,3.5,1.5,0.05,-3187.995520074485
223,ksqexp,2.5,4,0.5,0.1,-802.2223278903574
224,ksqexp,2.5,4,0.5,0.05,-3155.8857607557657
225,ksqexp,2.5,4,1,0.1,-795.5970575968988
226,ksqexp,2.5,4,1,0.05,-3115.035327775555
227,ksqexp,2.5,4,1.5,0.1,-794.0632273906687
228,ksqexp,2.5,4,1.5,0.05,-3081.2864801315905
229,ksqexp,2.5,4.5,0.5,0.1,-785.7742417869686
230,ksqexp,2.5,4.5,0.5,0.05,-3087.211976732711
231,ksqexp,2.5,4.5,1,0.1,-782.8894991732848
232,ksqexp,2.5,4.5,1,0.05,-3023.193940935975
233,ksqexp,2.5,4.5,1.5,0.1,-781.3661440153785
234,ksqexp,2.5,4.5,1.5,0.05,-2970.458974051425
235,ksqexp,2.5,5,0.5,0.1,-775.7448837710816
236,ksqexp,2.5,5,0.5,0.05,-3020.11555959646
237,ksqexp,2.5,5,1,0.1,-772.6652506651744
238,ksqexp,2.5,5,1,0.05,-2932.071454687975
239,ksqexp,2.5,5,1.5,0.1,-769.3946939102229
240,ksqexp,2.5,5,1.5,0.05,-2863.796081042405
241,ksqexp,2.5,6,0.5,0.1,-760.4203700526064
242,ksqexp,2.5,6,0.5,0.05,-2890.601772874807
243,ksqexp,2.5,6,1,0.1,-752.7575557928204
244,ksqexp,2.5,6,1,0.05,-2765.702065190444
245,ksqexp,2.5,6,1.5,0.1,-745.3645851203628
246,ksqexp,2.5,6,1.5,0.05,-2672.2373341020093
247,ksqexp,2.5,10,0.5,0.1,-713.1873922407667
248,ksqexp,2.5,10,0.5,0.05,-2533.724160427698
249,ksqexp,2.5,10,1,0.1,-693.0783177382597
250,ksqexp,2.5,10,1,0.05,-2282.1943173449686
251,ksqexp,2.5,10,1.5,0.1,-676.4503139706437
252,ksqexp,2.5,10,1.5,0.05,-2084.9239827060455
253,ksqexp,2.5,50,0.5,0.1,-421.2236511262468
254,ksqexp,2.5,50,0.5,0.05,-734.0952840720596
255,ksqexp,2.5,50,1,0.1,-315.5959846040308
256,ksqexp,2.5,50,1,0.05,-445.366129017615
257,ksqexp,2.5,50,1.5,0.1,-260.13615288872836
258,ksqexp,2.5,50,1.5,0.05,-331.3683335560861
259,ksqexp,2.5,100,0.5,0.1,-207.08023798496137
260,ksqexp,2.5,100,0.5,0.05,-253.52141111439076
261,ksqexp,2.5,100,1,0.1,-143.3814906248389
262,ksqexp,2.5,100,1,0.05,-157.3198928617652
263,ksqexp,2.5,100,1.5,0.1,-120.77580997075341
264,ksqexp,2.5,100,1.5,0.05,-127.2942624478838
265,ksqexp,3,1.5,0.5,0.1,-973.6241653342827
266,ksqexp,3,1.5,0.5,0.05,-3836.139148744937
267,ksqexp,3,1.5,1,0.1,-943.2041380861743
268,ksqexp,3,1.5,1,0.05,-3823.6566637282863
269,ksqexp,3,1.5,1.5,0.1,-933.6815363606092
270,ksqexp,3,1.5,1.5,0.05,-3828.8601261915373
271,ksqexp,3,2,0.5,0.1,-923.0380046507162
272,ksqexp,3,2,0.5,0.05,-3901.8042816699453
273,ksqexp,3,2,1,0.1,-934.2591732657178
274,ksqexp,3,2,1,0.05,-3971.708872901479
275,ksqexp,3,2,1.5,0.1,-943.7332734111736
276,ksqexp,3,2,1.5,0.05,-4016.0770098794374
277,ksqexp,3,3,0.5,0.1,-954.9008477154272
278,ksqexp,3,3,0.5,0.05,-3846.5293047544496
279,ksqexp,3,3,1,0.1,-959.2170667405567
280,ksqexp,3,3,1,0.05,-3724.477095906474
281,ksqexp,3,3,1.5,0.1,-954.4977971041732
282,ksqexp,3,3,1.5,0.05,-3641.3600119968005
283,ksqexp,3,3.5,0.5,0.1,-909.4374486328644
284,ksqexp,3,3.5,0.5,0.05,-3487.5498231911592
285,ksqexp,3,3.5,1,0.1,-889.0489276840823
286,ksqexp,3,3.5,1,0.05,-3384.1219926598146
287,ksqexp,3,3.5,1.5,0.1,-874.1995635081736
288,ksqexp,3,3.5,1.5,0.05,-3340.9317328624265
289,ksqexp,3,4,0.5,0.1,-852.337364198448
290,ksqexp,3,4,0.5,0.05,-3287.6454546170085
291,ksqexp,3,4,1,0.1,-832.4820770000365
292,ksqexp,3,4,1,0.05,-3238.4334683166408
293,ksqexp,3,4,1.5,0.1,-823.6871877975224
294,ksqexp,3,4,1.5,0.05,-3218.023093822859
295,ksqexp,3,4.5,0.5,0.1,-814.5920336207977
296,ksqexp,3,4.5,0.5,0.05,-3191.3752851593704
297,ksqexp,3,4.5,1,0.1,-803.6919929107307
298,ksqexp,3,4.5,1,0.05,-3155.382435924001
299,ksqexp,3,4.5,1.5,0.1,-800.4489863022505
300,ksqexp,3,4.5,1.5,0.05,-3130.406847014635
301,ksqexp,3,5,0.5,0.1,-793.6090938769479
302,ksqexp,3,5,0.5,0.05,-3127.9199343879077
303,ksqexp,3,5,1,0.1,-788.6827566161215
304,ksqexp,3,5,1,0.05,-3081.142811356907
305,ksqexp,3,5,1.5,0.1,-787.377260324432
306,ksqexp,3,5,1.5,0.05,-3041.980376258333
307,ksqexp,3,6,0.5,0.1,-772.9696981610015
308,ksqexp,3,6,0.5,0.05,-3018.7323990103037
309,ksqexp,3,6,1,0.1,-770.3412536466125
310,ksqexp,3,6,1,0.05,-2934.2165502629696
311,ksqexp,3,6,1.5,0.1,-767.4931453457807
312,ksqexp,3,6,1.5,0.05,-2866.4765432568715
313,ksqexp,3,10,0.5,0.1,-729.4557463724534
314,ksqexp,3,10,0.5,0.05,-2659.413094521912
315,ksqexp,3,10,1,0.1,-713.4096027976062
316,ksqexp,3,10,1,0.05,-2453.5175130384678
317,ksqexp,3,10,1.5,0.1,-699.72427784173
318,ksqexp,3,10,1.5,0.05,-2292.4844766809656
319,ksqexp,3,50,0.5,0.1,-474.8938048948611
320,ksqexp,3,50,0.5,0.05,-953.9455991417656
321,ksqexp,3,50,1,0.1,-374.8576805317409
322,ksqexp,3,50,1,0.05,-605.108083688324
323,ksqexp,3,50,1.5,0.1,-316.57653935475366
324,ksqexp,3,50,1.5,0.05,-454.06462102961063
325,ksqexp,3,100,0.5,0.1,-258.35039213013437
326,ksqexp,3,100,0.5,0.05,-352.0554287752044
327,ksqexp,3,100,1,0.1,-179.87111315799527
328,ksqexp,3,100,1,0.05,-211.59678376457958
329,ksqexp,3,100,1.5,0.1,-148.04875283969244
330,ksqexp,3,100,1.5,0.05,-163.80141843784435
331,ksqexp,3.25,1.5,0.5,0.1,-1009.6388943051231
332,ksqexp,3.25,1.5,0.5,0.05,-3897.9553515700836
333,ksqexp,3.25,1.5,1,0.1,-969.2650811314332
334,ksqexp,3.25,1.5,1,0.05,-3848.770228913225
335,ksqexp,3.25,1.5,1.5,0.1,-952.7465746907498
336,ksqexp,3.25,1.5,1.5,0.05,-3837.5918018914203
337,ksqexp,3.25,2,0.5,0.1,-923.6050330347643
338,ksqexp,3.25,2,0.5,0.05,-3857.210003065934
339,ksqexp,3.25,2,1,0.1,-926.6611150835412
340,ksqexp,3.25,2,1,0.05,-3911.7551281949522
341,ksqexp,3.25,2,1.5,0.1,-932.8420020438901
342,ksqexp,3.25,2,1.5,0.05,-3948.0047474407233
343,ksqexp,3.25,3,0.5,0.1,-960.3707909005954
344,ksqexp,3.25,3,0.5,0.05,-3984.303180840687
345,ksqexp,3.25,3,1,0.1,-974.9999474922604
346,ksqexp,3.25,3,1,0.05,-3923.057369384995
347,ksqexp,3.25,3,1.5,0.1,-979.1204388448544
348,ksqexp,3.25,3,1.5,0.05,-3857.35091623011
349,ksqexp,3.25,3.5,0.5,0.1,-938.9672807786827
350,ksqexp,3.25,3.5,0.5,0.05,-3665.54139949275
351,ksqexp,3.25,3.5,1,0.1,-928.2913219674025
352,ksqexp,3.25,3.5,1,0.05,-3535.400196253275
353,ksqexp,3.25,3.5,1.5,0.1,-915.62512759077
354,ksqexp,3.25,3.5,1.5,0.05,-3467.8091233095424
355,ksqexp,3.25,4,0.5,0.1,-885.7912198974691
356,ksqexp,3.25,4,0.5,0.05,-3393.664758996693
357,ksqexp,3.25,4,1,0.1,-863.162999668077
358,ksqexp,3.25,4,1,0.05,-3314.522094713411
359,ksqexp,3.25,4,1.5,0.1,-850.0974068001169
360,ksqexp,3.25,4,1.5,0.05,-3282.7367555645515
361,ksqexp,3.25,4.5,0.5,0.1,-838.4423519846043
362,ksqexp,3.25,4.5,0.5,0.05,-3252.4814146511253
363,ksqexp,3.25,4.5,1,0.1,-821.3116774652302
364,ksqexp,3.25,4.5,1,0.05,-3208.562518436786
365,ksqexp,3.25,4.5,1.5,0.1,-814.4462548930264
366,ksqexp,3.25,4.5,1.5,0.05,-3187.023311693314
367,ksqexp,3.25,5,0.5,0.1,-808.5099848716332
368,ksqexp,3.25,5,0.5,0.05,-3173.9746311849185
369,ksqexp,3.25,5,1,0.1,-798.9947870380862
370,ksqexp,3.25,5,1,0.05,-3134.9500473098833
371,ksqexp,3.25,5,1.5,0.1,-796.1470281071313
372,ksqexp,3.25,5,1.5,0.05,-3106.4053787666508
373,ksqexp,3.25,6,0.5,0.1,-779.7434213861726
374,ksqexp,3.25,6,0.5,0.05,-3065.725843493582
375,ksqexp,3.25,6,1,0.1,-776.7835333358009
376,ksqexp,3.25,6,1,0.05,-2999.7739521940202
377,ksqexp,3.25,6,1.5,0.1,-774.9933826337344
378,ksqexp,3.25,6,1.5,0.05,-2945.27797996433
379,ksqexp,3.25,10,0.5,0.1,-735.8872772112333
380,ksqexp,3.25,10,0.5,0.05,-2719.736344218785
381,ksqexp,3.25,10,1,0.1,-722.631944556302
382,ksqexp,3.25,10,1,0.05,-2532.2367799963567
383,ksqexp,3.25,10,1.5,0.1,-710.6644620433874
384,ksqexp,3.25,10,1.5,0.05,-2385.966999804194
385,ksqexp,3.25,50,0.5,0.1,-496.3550616374093
386,ksqexp,3.25,50,0.5,0.05,-1061.826728350707
387,ksqexp,3.25,50,1,0.1,-400.7382124681997
388,ksqexp,3.25,50,1,0.05,-691.4016885486467
389,ksqexp,3.25,50,1.5,0.1,-342.77489805094643
390,ksqexp,3.25,50,1.5,0.05,-523.6511664561182
391,ksqexp,3.25,100,0.5,0.1,-283.6337826628655
392,ksqexp,3.25,100,0.5,0.05,-410.0812470741422
393,ksqexp,3.25,100,1,0.1,-199.65549672301998
394,ksqexp,3.25,100,1,0.05,-245.46038079792558
395,ksqexp,3.25,100,1.5,0.1,-163.59968003766124
396,ksqexp,3.25,100,1.5,0.05,-187.18099250159045
397,ksqexp,3.5,1.5,0.5,0.1,-1045.9760435647374
398,ksqexp,3.5,1.5,0.5,0.05,-3989.829829354886
399,ksqexp,3.5,1.5,1,0.1,-1000.9189795894214
400,ksqexp,3.5,1.5,1,0.05,-3902.371443602944
401,ksqexp,3.5,1.5,1.5,0.1,-979.0464382018592
402,ksqexp,3.5,1.5,1.5,0.05,-3873.332284765717
403,ksqexp,3.5,2,0.5,0.1,-932.2743751846002
404,ksqexp,3.5,2,0.5,0.05,-3830.4032239073695
405,ksqexp,3.5,2,1,0.1,-925.3832929086518
406,ksqexp,3.5,2,1,0.05,-3867.603069167418
407,ksqexp,3.5,2,1.5,0.1,-927.20053727509
408,ksqexp,3.5,2,1.5,0.05,-3895.835920191907
409,ksqexp,3.5,3,0.5,0.1,-957.8548793814739
410,ksqexp,3.5,3,0.5,0.05,-4039.7499050384204
411,ksqexp,3.5,3,1,0.1,-976.671449028684
412,ksqexp,3.5,3,1,0.05,-4043.4630303658373
413,ksqexp,3.5,3,1.5,0.1,-985.7567137697489
414,ksqexp,3.5,3,1.5,0.05,-4017.979868698809
415,ksqexp,3.5,3.5,0.5,0.1,-956.5423548798346
416,ksqexp,3.5,3.5,0.5,0.05,-3835.1357200420834
417,ksqexp,3.5,3.5,1,0.1,-957.7861370186569
418,ksqexp,3.5,3.5,1,0.05,-3713.535066864216
419,ksqexp,3.5,3.5,1.5,0.1,-951.5998583391942
420,ksqexp,3.5,3.5,1.5,0.05,-3633.714340047585
421,ksqexp,3.5,4,0.5,0.1,-917.4293442867827
422,ksqexp,3.5,4,0.5,0.05,-3530.1838071774228
423,ksqexp,3.5,4,1,0.1,-897.9339551499593
424,ksqexp,3.5,4,1,0.05,-3420.5520265986315
425,ksqexp,3.5,4,1.5,0.1,-883.2368924033801
426,ksqexp,3.5,4,1.5,0.05,-3370.3652352721742
427,ksqexp,3.5,4.5,0.5,0.1,-866.9012245219635
428,ksqexp,3.5,4.5,0.5,0.05,-3334.615283129523
429,ksqexp,3.5,4.5,1,0.1,-845.25648497534
430,ksqexp,3.5,4.5,1,0.05,-3270.200703216062
431,ksqexp,3.5,4.5,1.5,0.1,-834.4619466164477
432,ksqexp,3.5,4.5,1.5,0.05,-3242.7577878590996
433,ksqexp,3.5,5,0.5,0.1,-828.4794873173236
434,ksqexp,3.5,5,0.5,0.05,-3227.3517093115943
435,ksqexp,3.5,5,1,0.1,-813.5432439952311
436,ksqexp,3.5,5,1,0.05,-3184.12853591848
437,ksqexp,3.5,5,1.5,0.1,-807.8708639149152
438,ksqexp,3.5,5,1.5,0.05,-3159.835994969119
439,ksqexp,3.5,6,0.5,0.1,-788.7519613763952
440,ksqexp,3.5,6,0.5,0.05,-3106.687957367232
441,ksqexp,3.5,6,1,0.1,-783.6532342932993
442,ksqexp,3.5,6,1,0.05,-3053.775161359525
443,ksqexp,3.5,6,1.5,0.1,-781.7870716372548
444,ksqexp,3.5,6,1.5,0.05,-3010.7210082949828
445,ksqexp,3.5,10,0.5,0.1,-741.1103172649459
446,ksqexp,3.5,10,0.5,0.05,-2776.5058206111044
447,ksqexp,3.5,10,1,0.1,-730.5591861835844
448,ksqexp,3.5,10,1,0.05,-2607.333558467535
449,ksqexp,3.5,10,1.5,0.1,-720.5147289510405
450,ksqexp,3.5,10,1.5,0.05,-2474.3255198353
451,ksqexp,3.5,50,0.5,0.1,-514.7864007524863
452,ksqexp,3.5,50,0.5,0.05,-1165.5947182594573
453,ksqexp,3.5,50,1,0.1,-423.9237230786857
454,ksqexp,3.5,50,1,0.05,-779.6294821674733
455,ksqexp,3.5,50,1.5,0.1,-367.08028805288103
456,ksqexp,3.5,50,1.5,0.05,-597.2398956087583
457,ksqexp,3.5,100,0.5,0.1,-308.0056964884845
458,ksqexp,3.5,100,0.5,0.05,-473.07780106123926
459,ksqexp,3.5,100,1,0.1,-219.90613821652954
460,ksqexp,3.5,100,1,0.05,-284.0438909065994
461,ksqexp,3.5,100,1.5,0.1,-180.0843476568681
462,ksqexp,3.5,100,1.5,0.05,-214.4753481941457
463,ksqexp,4,1.5,0.5,0.1,-1105.8764429506894
464,ksqexp,4,1.5,0.5,0.05,-4223.322519489941
465,ksqexp,4,1.5,1,0.1,-1064.6879533436916
466,ksqexp,4,1.5,1,0.05,-4074.5187691111905
467,ksqexp,4,1.5,1.5,0.1,-1040.2269267088245
468,ksqexp,4,1.5,1.5,0.05,-4007.952333229059
469,ksqexp,4,2,0.5,0.1,-970.3457867267233
470,ksqexp,4,2,0.5,0.05,-3845.9788647655782
471,ksqexp,4,2,1,0.1,-944.0428614563483
472,ksqexp,4,2,1,0.05,-3833.1328650601145
473,ksqexp,4,2,1.5,0.1,-935.4143205257324
474,ksqexp,4,2,1.5,0.05,-3838.904604384477
475,ksqexp,4,3,0.5,0.1,-944.51902075161
476,ksqexp,4,3,0.5,0.05,-4018.076312209512
477,ksqexp,4,3,1,0.1,-962.9961662228405
478,ksqexp,4,3,1,0.05,-4074.706930543963
479,ksqexp,4,3,1.5,0.1,-974.0656981636304
480,ksqexp,4,3,1.5,0.05,-4101.290766914675
481,ksqexp,4,3.5,0.5,0.1,-963.5597489658271
482,ksqexp,4,3.5,0.5,0.05,-4029.2959208856023
483,ksqexp,4,3.5,1,0.1,-979.6174256300203
484,ksqexp,4,3.5,1,0.05,-4000.790119003985
485,ksqexp,4,3.5,1.5,0.1,-985.7161869753287
486,ksqexp,4,3.5,1.5,0.05,-3956.3516804957558
487,ksqexp,4,4,0.5,0.1,-958.2434880608376
488,ksqexp,4,4,0.5,0.05,-3823.8159573527673
489,ksqexp,4,4,1,0.1,-956.6347517573241
490,ksqexp,4,4,1,0.05,-3699.964729279298
491,ksqexp,4,4,1.5,0.1,-948.7989134187792
492,ksqexp,4,4,1.5,0.05,-3622.4370923652086
493,ksqexp,4,4.5,0.5,0.1,-923.532726034511
494,ksqexp,4,4.5,0.5,0.05,-3559.4923883283236
495,ksqexp,4,4.5,1,0.1,-903.9377129538749
496,ksqexp,4,4.5,1,0.05,-3447.9895377582343
497,ksqexp,4,4.5,1.5,0.1,-889.0327067539515
498,ksqexp,4,4.5,1.5,0.05,-3395.0343081764277
499,ksqexp,4,5,0.5,0.1,-878.6404108180991
500,ksqexp,4,5,0.5,0.05,-3376.9947008242043
501,ksqexp,4,5,1,0.1,-855.7006075241418
502,ksqexp,4,5,1,0.05,-3302.4480283442404
503,ksqexp,4,5,1.5,0.1,-843.628880274074
504,ksqexp,4,5,1.5,0.05,-3268.1377262982787
505,ksqexp,4,6,0.5,0.1,-815.5729113636853
506,ksqexp,4,6,0.5,0.05,-3192.039128149021
507,ksqexp,4,6,1,0.1,-803.2300810501447
508,ksqexp,4,6,1,0.05,-3144.1234545212174
509,ksqexp,4,6,1.5,0.1,-798.5357642015922
510,ksqexp,4,6,1.5,0.05,-3113.0941530712507
511,ksqexp,4,10,0.5,0.1,-749.5907275458031
512,ksqexp,4,10,0.5,0.05,-2871.4754563513634
513,ksqexp,4,10,1,0.1,-742.4398816791218
514,ksqexp,4,10,1,0.05,-2740.1160371979695
515,ksqexp,4,10,1.5,0.1,-735.6877193065887
516,ksqexp,4,10,1.5,0.05,-2633.328759243892
517,ksqexp,4,50,0.5,0.1,-544.3444533585536
518,ksqexp,4,50,0.5,0.05,-1355.7302533078418
519,ksqexp,4,50,1,0.1,-462.503366732548
520,ksqexp,4,50,1,0.05,-955.73354631104
521,ksqexp,4,50,1.5,0.1,-409.3241367185925
522,ksqexp,4,50,1.5,0.05,-751.3363726408757
523,ksqexp,4,100,0.5,0.1,-352.74886407967676
524,ksqexp,4,100,0.5,0.05,-610.0184554409931
525,ksqexp,4,100,1,0.1,-260.34816892126264
526,ksqexp,4,100,1,0.05,-374.80475256309484
527,ksqexp,4,100,1.5,0.1,-214.6891584054123
528,ksqexp,4,100,1.5,0.05,-281.7321608836573
529,kexp,1,1.5,0.5,0.1,-450.2444601616599
530,kexp,1,1.5,0.5,0.05,-810.443978799194
531,kexp,1,1.5,1,0.1,-336.5548208255852
532,kexp,1,1.5,1,0.05,-486.77177134917935
533,kexp,1,1.5,1.5,0.1,-275.2184455393085
534,kexp,1,1.5,1.5,0.05,-357.578369032896
535,kexp,1,2,0.5,0.1,-402.280016385948
536,kexp,1,2,0.5,0.05,-659.933798124223
537,kexp,1,2,1,0.1,-290.9556467166571
538,kexp,1,2,1,0.05,-389.98208484456484
539,kexp,1,2,1.5,0.1,-235.49234671498633
540,kexp,1,2,1.5,0.05,-287.61485748608476
541,kexp,1,3,0.5,0.1,-334.34756332606986
542,kexp,1,3,0.5,0.05,-486.1281614328756
543,kexp,1,3,1,0.1,-232.97621391782133
544,kexp,1,3,1,0.05,-285.50412094277965
545,kexp,1,3,1.5,0.1,-187.94515486969277
546,kexp,1,3,1.5,0.05,-214.2428725801963
547,kexp,1,3.5,0.5,0.1,-309.287955926549
548,kexp,1,3.5,0.5,0.05,-431.41650686973185
549,kexp,1,3.5,1,0.1,-213.3806127330793
550,kexp,1,3.5,1,0.05,-254.14392290363713
551,kexp,1,3.5,1.5,0.1,-172.59108304035598
552,kexp,1,3.5,1.5,0.05,-192.6577717308138
553,kexp,1,4,0.5,0.1,-288.2359597723226
554,kexp,1,4,0.5,0.05,-388.7372444962376
555,kexp,1,4,1,0.1,-197.6058622628179
556,kexp,1,4,1,0.05,-230.17041450942122
557,kexp,1,4,1.5,0.1,-160.4841985883415
558,kexp,1,4,1.5,0.05,-176.29597347139418
559,kexp,1,4.5,0.5,0.1,-270.2975053657712
560,kexp,1,4.5,0.5,0.05,-354.5189502044327
561,kexp,1,4.5,1,0.1,-184.63630613112704
562,kexp,1,4.5,1,0.05,-211.2557515178953
563,kexp,1,4.5,1.5,0.1,-150.69704959103083
564,kexp,1,4.5,1.5,0.05,-163.47378175420684
565,kexp,1,5,0.5,0.1,-254.82752926606076
566,kexp,1,5,0.5,0.05,-326.4756536906513
567,kexp,1,5,1,0.1,-173.787064178566
568,kexp,1,5,1,0.05,-195.9565081919647
569,kexp,1,5,1.5,0.1,-142.6246331753559
570,kexp,1,5,1.5,0.05,-153.16025855782797
571,kexp,1,6,0.5,0.1,-229.49706592645796
572,kexp,1,6,0.5,0.05,-283.2562937301183
573,kexp,1,6,1,0.1,-156.66771268237832
574,kexp,1,6,1,0.05,-172.73482429245553
575,kexp,1,6,1.5,0.1,-130.09894529731127
576,kexp,1,6,1.5,0.05,-137.60940046028318
577,kexp,1,10,0.5,0.1,-169.43784453187823
578,kexp,1,10,0.5,0.05,-192.47578964852158
579,kexp,1,10,1,0.1,-119.08882878813652
580,kexp,1,10,1,0.05,-125.40350090136452
581,kexp,1,10,1.5,0.1,-103.52869270124403
582,kexp,1,10,1.5,0.05,-106.3489312689611
583,kexp,1,50,0.5,0.1,-76.57433394799509
584,kexp,1,50,0.5,0.05,-77.87494242708125
585,kexp,1,50,1,0.1,-69.11758631690341
586,kexp,1,50,1,0.05,-69.33589966017165
587,kexp,1,50,1.5,0.1,-70.73604181519592
588,kexp,1,50,1.5,0.05,-70.78126235297175
589,kexp,1,100,0.5,0.1,-64.35499841886467
590,kexp,1,100,0.5,0.05,-64.72276316887827
591,kexp,1,100,1,0.1,-63.56558015538429
592,kexp,1,100,1,0.05,-63.5591059054018
593,kexp,1,100,1.5,0.1,-67.55005606594585
594,kexp,1,100,1.5,0.05,-67.50234436422893
595,kexp,1.5,1.5,0.5,0.1,-513.9662424054881
596,kexp,1.5,1.5,0.5,0.05,-1057.727815035769
597,kexp,1.5,1.5,1,0.1,-403.719013210251
598,kexp,1.5,1.5,1,0.05,-659.8184562637849
599,kexp,1.5,1.5,1.5,0.1,-337.7437628777487
600,kexp,1.5,1.5,1.5,0.05,-487.48471737589057
601,kexp,1.5,2,0.5,0.1,-468.7560920482466
602,kexp,1.5,2,0.5,0.05,-877.7114216901577
603,kexp,1.5,2,1,0.1,-355.57301975134044
604,kexp,1.5,2,1,0.05,-532.1536917162341
605,kexp,1.5,2,1.5,0.1,-292.4962131526777
606,kexp,1.5,2,1.5,0.05,-391.0615811957579
607,kexp,1.5,3,0.5,0.1,-401.40662309749735
608,kexp,1.5,3,0.5,0.05,-659.0218284534023
609,kexp,1.5,3,1,0.1,-290.4906632771397
610,kexp,1.5,3,1,0.05,-389.5040175355067
611,kexp,1.5,3,1.5,0.1,-235.16775504023948
612,kexp,1.5,3,1.5,0.05,-287.283502498735
613,kexp,1.5,3.5,0.5,0.1,-375.36093792879
614,kexp,1.5,3.5,0.5,0.05,-587.6169475539151
615,kexp,1.5,3.5,1,0.1,-267.4018773399455
616,kexp,1.5,3.5,1,0.05,-345.6710117425561
617,kexp,1.5,3.5,1.5,0.1,-215.84926780089378
618,kexp,1.5,3.5,1.5,0.05,-256.22818335454366
619,kexp,1.5,4,0.5,0.1,-352.89955317443395
620,kexp,1.5,4,0.5,0.05,-531.0105183606724
621,kexp,1.5,4,1,0.1,-248.3731041370986
622,kexp,1.5,4,1,0.05,-311.83252028926563
623,kexp,1.5,4,1.5,0.1,-200.31446509978926
624,kexp,1.5,4,1.5,0.05,-232.52201142273591
625,kexp,1.5,4.5,0.5,0.1,-333.30998843392365
626,kexp,1.5,4.5,0.5,0.05,-485.033742441237
627,kexp,1.5,4.5,1,0.1,-232.41630522915986
628,kexp,1.5,4.5,1,0.05,-284.92570542199263
629,kexp,1.5,4.5,1.5,0.1,-187.55088513434399
630,kexp,1.5,4.5,1.5,0.05,-213.83934306693556
631,kexp,1.5,5,0.5,0.1,-316.0661362739993
632,kexp,1.5,5,0.5,0.05,-446.95164021815253
633,kexp,1.5,5,1,0.1,-218.84269780990314
634,kexp,1.5,5,1,0.05,-263.0232166690706
635,kexp,1.5,5,1.5,0.1,-176.8790022900314
636,kexp,1.5,5,1.5,0.05,-198.7416031170618
637,kexp,1.5,6,0.5,0.1,-287.10083642178523
638,kexp,1.5,6,0.5,0.05,-387.54035543621796
639,kexp,1.5,6,1,0.1,-196.9907045819879
640,kexp,1.5,6,1,0.05,-229.53601068693237
641,kexp,1.5,6,1.5,0.1,-160.0496566717982
642,kexp,1.5,6,1.5,0.05,-175.85200105973325
643,kexp,1.5,10,0.5,0.1,-214.5341213942211
644,kexp,1.5,10,0.5,0.05,-259.8344567364528
645,kexp,1.5,10,1,0.1,-147.04188249662658
646,kexp,1.5,10,1,0.05,-160.3267615703243
647,kexp,1.5,10,1.5,0.1,-123.17547066470061
648,kexp,1.5,10,1.5,0.05,-129.3276763709463
649,kexp,1.5,50,0.5,0.1,-88.02979871888822
650,kexp,1.5,50,0.5,0.05,-90.70374904482411
651,kexp,1.5,50,1,0.1,-74.57521934690259
652,kexp,1.5,50,1,0.05,-75.13903423695065
653,kexp,1.5,50,1.5,0.1,-73.99122540798295
654,kexp,1.5,50,1.5,0.05,-74.18410462954385
655,kexp,1.5,100,0.5,0.1,-69.0847850173206
656,kexp,1.5,100,0.5,0.05,-69.81608064664512
657,kexp,1.5,100,1,0.1,-65.55198212136366
658,kexp,1.5,100,1,0.05,-65.63039249934022
659,kexp,1.5,100,1.5,0.1,-68.56446218653774
660,kexp,1.5,100,1.5,0.05,-68.55064160789178
661,kexp,2,1.5,0.5,0.1,-555.4918604639636
662,kexp,2,1.5,0.5,0.05,-1253.0124608372435
663,kexp,2,1.5,1,0.1,-451.2559799194265
664,kexp,2,1.5,1,0.05,-809.9703487977067
665,kexp,2,1.5,1.5,0.1,-384.94056193113414
666,kexp,2,1.5,1.5,0.05,-605.29795507113
667,kexp,2,2,0.5,0.1,-513.1828687267918
668,kexp,2,2,0.5,0.05,-1056.9041728706907
669,kexp,2,2,1,0.1,-403.29444116276915
670,kexp,2,2,1,0.05,-659.3764586410877
671,kexp,2,2,1.5,0.1,-337.4422475377638
672,kexp,2,2,1.5,0.05,-487.1728028707582
673,kexp,2,3,0.5,0.1,-448.494272650072
674,kexp,2,3,0.5,0.05,-808.6195535301815
675,kexp,2,3,1,0.1,-335.60719734953295
676,kexp,2,3,1,0.05,-485.79629081633857
677,kexp,2,3,1.5,0.1,-274.54576592364475
678,kexp,2,3,1.5,0.05,-356.8903720208318
679,kexp,2,3.5,0.5,0.1,-422.7847749089012
680,kexp,2,3.5,0.5,0.05,-725.0102652112138
681,kexp,2,3.5,1,0.1,-310.7205816481732
682,kexp,2,3.5,1,0.05,-431.2905509809138
683,kexp,2,3.5,1.5,0.1,-252.6135290863994
684,kexp,2,3.5,1.5,0.05,-317.2540535160604
685,kexp,2,4,0.5,0.1,-400.2477552308495
686,kexp,2,4,0.5,0.05,-657.8010364204137
687,kexp,2,4,1,0.1,-289.83955000426863
688,kexp,2,4,1,0.05,-388.82973848340833
689,kexp,2,4,1.5,0.1,-234.69180271863766
690,kexp,2,4,1.5,0.05,-286.79509013141154
691,kexp,2,4.5,0.5,0.1,-380.28982407469266
692,kexp,2,4.5,0.5,0.05,-602.5927831899954
693,kexp,2,4.5,1,0.1,-272.05929899217483
694,kexp,2,4.5,1,0.05,-354.82519176152226
695,kexp,2,4.5,1.5,0.1,-219.76995803487642
696,kexp,2,4.5,1.5,0.05,-262.6660470494302
697,kexp,2,5,0.5,0.1,-362.47067796303935
698,kexp,2,5,0.5,0.05,-556.4327727509587
699,kexp,2,5,1,0.1,-256.7320789870009
700,kexp,2,5,1,0.05,-326.9838556618716
701,kexp,2,5,1.5,0.1,-207.15192131658637
702,kexp,2,5,1.5,0.05,-243.0851773827906
703,kexp,2,6,0.5,0.1,-331.9706864485555
704,kexp,2,6,0.5,0.05,-483.61483704097765
705,kexp,2,6,1,0.1,-231.64676239004345
706,kexp,2,6,1,0.05,-284.1284358838422
707,kexp,2,6,1.5,0.1,-186.9794061241777
708,kexp,2,6,1.5,0.05,-213.2535383856255
709,kexp,2,10,0.5,0.1,-252.15533223547547
710,kexp,2,10,0.5,0.05,-323.66254832581603
711,kexp,2,10,1,0.1,-172.27620899614385
712,kexp,2,10,1,0.05,-194.40160231969276
713,kexp,2,10,1.5,0.1,-141.51730326325963
714,kexp,2,10,1.5,0.05,-152.03118247299227
715,kexp,2,50,0.5,0.1,-98.95064936034838
716,kexp,2,50,0.5,0.05,-103.4164569796661
717,kexp,2,50,1,0.1,-79.94695834822491
718,kexp,2,50,1,0.05,-80.97595657954344
719,kexp,2,50,1.5,0.1,-77.25608389687142
720,kexp,2,50,1.5,0.05,-77.65180264914889
721,kexp,2,100,0.5,0.1,-73.7359536438787
722,kexp,2,100,0.5,0.05,-74.94593349597565
723,kexp,2,100,1,0.1,-67.48937136030666
724,kexp,2,100,1,0.05,-67.68196831427578
725,kexp,2,100,1.5,0.1,-69.52286236555653
726,kexp,2,100,1.5,0.05,-69.55543738076476
727,kexp,2.5,1.5,0.5,0.1,-585.3693427532676
728,kexp,2.5,1.5,0.5,0.05,-1411.4178583295245
729,kexp,2.5,1.5,1,0.1,-486.93284515409874
730,kexp,2.5,1.5,1,0.05,-941.3654199196012
731,kexp,2.5,1.5,1.5,0.1,-421.9419660750198
732,kexp,2.5,1.5,1.5,0.05,-712.383627844032
733,kexp,2.5,2,0.5,0.1,-545.460599443001
734,kexp,2.5,2,0.5,0.05,-1207.0481820013467
735,kexp,2.5,2,1,0.1,-440.1465781161293
736,kexp,2.5,2,1,0.05,-773.7469530362316
737,kexp,2.5,2,1.5,0.1,-373.8519785321271
738,kexp,2.5,2,1.5,0.05,-576.4820880620372
739,kexp,2.5,3,0.5,0.1,-483.7028959610471
740,kexp,2.5,3,0.5,0.05,-939.4400349275041
741,kexp,2.5,3,1,0.1,-372.0573600757355
742,kexp,2.5,3,1,0.05,-575.1464206568638
743,kexp,2.5,3,1.5,0.1,-307.93217947628096
744,kexp,2.5,3,1.5,0.05,-423.18907786887
745,kexp,2.5,3.5,0.5,0.1,-458.75376363969946
746,kexp,2.5,3.5,0.5,0.05,-846.9259805553932
747,kexp,2.5,3.5,1,0.1,-346.33166841720816
748,kexp,2.5,3.5,1,0.05,-511.5321590150285
749,kexp,2.5,3.5,1.5,0.1,-284.29151798158745
750,kexp,2.5,3.5,1.5,0.05,-375.8141630550387
751,kexp,2.5,4,0.5,0.1,-436.6458270937645
752,kexp,2.5,4,0.5,0.05,-771.6409573905158
753,kexp,2.5,4,1,0.1,-324.43578931136017
754,kexp,2.5,4,1,0.05,-461.5488548967351
755,kexp,2.5,4,1.5,0.1,-264.7078044924052
756,kexp,2.5,4,1.5,0.05,-339.16941441438877
757,kexp,2.5,4.5,0.5,0.1,-416.8628026548512
758,kexp,2.5,4.5,0.5,0.05,-709.1735546773713
759,kexp,2.5,4.5,1,0.1,-305.55865594809677
760,kexp,2.5,4.5,1,0.05,-421.2474140323074
761,kexp,2.5,4.5,1.5,0.1,-248.2143103603378
762,kexp,2.5,4.5,1.5,0.05,-309.99184197538034
763,kexp,2.5,5,0.5,0.1,-399.0232837490787
764,kexp,2.5,5,0.5,0.05,-656.5028420446591
765,kexp,2.5,5,1,0.1,-289.1079535881806
766,kexp,2.5,5,1,0.05,-388.0682120161284
767,kexp,2.5,5,1.5,0.1,-234.1305545941892
768,kexp,2.5,5,1.5,0.05,-286.2171984664064
769,kexp,2.5,6,0.5,0.1,-368.06750922112417
770,kexp,2.5,6,0.5,0.05,-572.5775917617086
771,kexp,2.5,6,1,0.1,-261.8133841502256
772,kexp,2.5,6,1,0.05,-336.67056876510986
773,kexp,2.5,6,1.5,0.1,-211.3458231876526
774,kexp,2.5,6,1.5,0.05,-249.82717549421588
775,kexp,2.5,10,0.5,0.1,-284.20548483197024
776,kexp,2.5,10,0.5,0.05,-384.46587992160255
777,kexp,2.5,10,1,0.1,-195.23723418086155
778,kexp,2.5,10,1,0.05,-227.72094739187165
779,kexp,2.5,10,1.5,0.1,-158.6950797393123
780,kexp,2.5,10,1.5,0.05,-174.46570731269657
781,kexp,2.5,50,0.5,0.1,-109.48914101582724
782,kexp,2.5,50,0.5,0.05,-116.13324774135297
783,kexp,2.5,50,1,0.1,-85.23944837872926
784,kexp,2.5,50,1,0.05,-86.8486418981
785,kexp,2.5,50,1.5,0.1,-80.4951523860638
786,kexp,2.5,50,1.5,0.05,-81.14748075030471
787,kexp,2.5,100,0.5,0.1,-78.40303107712714
788,kexp,2.5,100,0.5,0.05,-80.2046786243902
789,kexp,2.5,100,1,0.1,-69.42218443741216
790,kexp,2.5,100,1,0.05,-69.75852078037883
791,kexp,2.5,100,1.5,0.1,-70.4537528821111
792,kexp,2.5,100,1.5,0.05,-70.5455481088497
793,kexp,3,1.5,0.5,0.1,-608.3293623510924
794,kexp,3,1.5,0.5,0.05,-1542.7606118561737
795,kexp,3,1.5,1,0.1,-514.8888701801114
796,kexp,3,1.5,1,0.05,-1057.2961009793194
797,kexp,3,1.5,1.5,0.1,-451.8240086626234
798,kexp,3,1.5,1.5,0.05,-810.0399256910953
799,kexp,3,2,0.5,0.1,-570.2858573756331
800,kexp,3,2,0.5,0.05,-1334.7903192290755
801,kexp,3,2,1,0.1,-469.5810341570642
802,kexp,3,2,1,0.05,-877.0541967884111
803,kexp,3,2,1.5,0.1,-403.9953216121522
804,kexp,3,2,1.5,0.05,-659.5693992980687
805,kexp,3,3,0.5,0.1,-511.2193358822315
806,kexp,3,3,0.5,0.05,-1054.8269913896986
807,kexp,3,3,1,0.1,-402.1804548641701
808,kexp,3,3,1,0.05,-658.207845604674
809,kexp,3,3,1.5,0.1,-336.619335906519
810,kexp,3,3,1.5,0.05,-486.31608035322415
811,kexp,3,3.5,0.5,0.1,-487.13872351905644
812,kexp,3,3.5,0.5,0.05,-955.8549411736427
813,kexp,3,3.5,1,0.1,-376.17719147024167
814,kexp,3,3.5,1,0.05,-586.830481856751
815,kexp,3,3.5,1.5,0.1,-311.89106204827476
816,kexp,3,3.5,1.5,0.05,-431.980860653869
817,kexp,3,4,0.5,0.1,-465.6462344368351
818,kexp,3,4,0.5,0.05,-874.4384195670407
819,kexp,3,4,1,0.1,-353.78757795668406
820,kexp,3,4,1,0.05,-530.2959183752371
821,kexp,3,4,1.5,0.1,-291.16468667975033
822,kexp,3,4,1.5,0.05,-389.68740107972735
823,kexp,3,4.5,0.5,0.1,-446.27221427690387
824,kexp,3,4.5,0.5,0.05,-806.2711029603119
825,kexp,3,4.5,1,0.1,-334.2856258323164
826,kexp,3,4.5,1,0.05,-484.41796276563554
827,kexp,3,4.5,1.5,0.1,-273.5333674570674
828,kexp,3,4.5,1.5,0.05,-355.8446424210664
829,kexp,3,5,0.5,0.1,-428.6746746553192
830,kexp,3,5,0.5,0.05,-748.3542678711276
831,kexp,3,5,1,0.1,-317.13452440545797
832,kexp,3,5,1,0.05,-446.4481907245317
833,kexp,3,5,1.5,0.1,-258.3477321123544
834,kexp,3,5,1.5,0.05,-328.1578195299815
835,kexp,3,6,0.5,0.1,-397.8244803167496
836,kexp,3,6,0.5,0.05,-655.2205157029907
837,kexp,3,6,1,0.1,-288.3451960362324
838,kexp,3,6,1,0.05,-387.269181157148
839,kexp,3,6,1.5,0.1,-233.51901761301957
840,kexp,3,6,1.5,0.05,-285.58496905213985
841,kexp,3,10,0.5,0.1,-311.91751235306816
842,kexp,3,10,0.5,0.05,-442.51811321045176
843,kexp,3,10,1,0.1,-216.25280375186722
844,kexp,3,10,1,0.05,-260.3290210167245
845,kexp,3,10,1.5,0.1,-174.83511732000662
846,kexp,3,10,1.5,0.05,-196.64262049135732
847,kexp,3,50,0.5,0.1,-119.70467787332957
848,kexp,3,50,0.5,0.05,-128.8792790178004
849,kexp,3,50,1,0.1,-90.46124017044026
850,kexp,3,50,1,0.05,-92.76009058821462
851,kexp,3,50,1.5,0.1,-83.706581983954
852,kexp,3,50,1.5,0.05,-84.66753170399244
853,kexp,3,100,0.5,0.1,-83.09926166970055
854,kexp,3,100,0.5,0.05,-85.599333263484
855,kexp,3,100,1,0.1,-71.36822253184005
856,kexp,3,100,1,0.05,-71.87712148110836
857,kexp,3,100,1.5,0.1,-71.37783145574382
858,kexp,3,100,1.5,0.05,-71.54159474395351
859,kexp,3.25,1.5,0.5,0.1,-618.0295947694467
860,kexp,3.25,1.5,0.5,0.05,-1600.443840210826
861,kexp,3.25,1.5,1,0.1,-526.766139032988
862,kexp,3.25,1.5,1,0.05,-1110.298446041611
863,kexp,3.25,1.5,1.5,0.1,-464.73505502468043
864,kexp,3.25,1.5,1.5,0.05,-855.6982609863969
865,kexp,3.25,2,0.5,0.1,-580.7438403318301
866,kexp,3.25,2,0.5,0.05,-1391.8107566228193
867,kexp,3.25,2,1,0.1,-482.2151954566871
868,kexp,3.25,2,1,0.05,-925.0417655004865
869,kexp,3.25,2,1.5,0.1,-417.2165267745711
870,kexp,3.25,2,1.5,0.05,-698.9587854459834
871,kexp,3.25,3,0.5,0.1,-522.8855573465269
872,kexp,3.25,3,0.5,0.05,-1107.5669532861784
873,kexp,3.25,3,1,0.1,-415.37734468210107
874,kexp,3.25,3,1,0.05,-697.5682622935307
875,kexp,3.25,3,1.5,0.1,-349.5052345323644
876,kexp,3.25,3,1.5,0.05,-516.7391472929096
877,kexp,3.25,3.5,0.5,0.1,-499.2366690438661
878,kexp,3.25,3.5,0.5,0.05,-1006.0802779138021
879,kexp,3.25,3.5,1,0.1,-389.3694727732278
880,kexp,3.25,3.5,1,0.05,-622.7506798846001
881,kexp,3.25,3.5,1.5,0.1,-324.4034293367767
882,kexp,3.25,3.5,1.5,0.05,-459.19279497980295
883,kexp,3.25,4,0.5,0.1,-478.07503918372555
884,kexp,3.25,4,0.5,0.05,-922.1835425833397
885,kexp,3.25,4,1,0.1,-366.8650805293522
886,kexp,3.25,4,1,0.05,-563.2659299194853
887,kexp,3.25,4,1.5,0.1,-303.25368780011445
888,kexp,3.25,4,1.5,0.05,-414.2642275949356
889,kexp,3.25,4.5,0.5,0.1,-458.9456932965372
890,kexp,3.25,4.5,0.5,0.05,-851.6473709946971
891,kexp,3.25,4.5,1,0.1,-347.17545486379385
892,kexp,3.25,4.5,1,0.05,-514.8453019903648
893,kexp,3.25,4.5,1.5,0.1,-285.1807316792765
894,kexp,3.25,4.5,1.5,0.05,-378.2261795817067
895,kexp,3.25,5,0.5,0.1,-441.52052365753804
896,kexp,3.25,5,0.5,0.05,-791.5051150139298
897,kexp,3.25,5,1,0.1,-329.7894448420723
898,kexp,3.25,5,1,0.05,-474.66935949695124
899,kexp,3.25,5,1.5,0.1,-269.55334936850437
900,kexp,3.25,5,1.5,0.05,-348.6854624871733
901,kexp,3.25,6,0.5,0.1,-410.84486590611084
902,kexp,3.25,6,0.5,0.05,-694.3763791549063
903,kexp,3.25,6,1,0.1,-300.453946895232
904,kexp,3.25,6,1,0.05,-411.86614572638314
905,kexp,3.25,6,1.5,0.1,-243.87736079425818
906,kexp,3.25,6,1.5,0.05,-303.15925180059526
907,kexp,3.25,10,0.5,0.1,-324.4232868051853
908,kexp,3.25,10,0.5,0.05,-470.56968171882863
909,kexp,3.25,10,1,0.1,-226.1113150181864
910,kexp,3.25,10,1,0.05,-276.3722048209464
911,kexp,3.25,10,1.5,0.1,-182.54860108425632
912,kexp,3.25,10,1.5,0.05,-207.63530157081883
913,kexp,3.25,50,0.5,0.1,-124.69601543645055
914,kexp,3.25,50,0.5,0.05,-135.25767217708332
915,kexp,3.25,50,1,0.1,-93.04660969233215
916,kexp,3.25,50,1,0.05,-95.72959070645585
917,kexp,3.25,50,1.5,0.1,-85.30359961224296
918,kexp,3.25,50,1.5,0.05,-86.43779918367252
919,kexp,3.25,100,0.5,0.1,-85.45377799188192
920,kexp,3.25,100,0.5,0.05,-88.34100806392398
921,kexp,3.25,100,1,0.1,-72.34856537766164
922,kexp,3.25,100,1,0.05,-72.954275948953807
923,kexp,3.25,100,1.5,0.1,-71.84242169410844
924,kexp,3.25,100,1.5,0.05,-72.04690051616382
925,kexp,3.5,1.5,0.5,0.1,-626.8208998942002
926,kexp,3.5,1.5,0.5,0.05,-1653.6720972548671
927,kexp,3.5,1.5,1,0.1,-537.5338101662578
928,kexp,3.5,1.5,1,0.05,-1160.3657805323164
929,kexp,3.5,1.5,1.5,0.1,-476.54043072617463
930,kexp,3.5,1.5,1.5,0.05,-899.4189298618913
931,kexp,3.5,2,0.5,0.1,-590.1926054800596
932,kexp,3.5,2,0.5,0.05,-1444.9160563934056
933,kexp,3.5,2,1,0.1,-493.72615417529147
934,kexp,3.5,2,1,0.05,-970.8107725936983
935,kexp,3.5,2,1.5,0.1,-429.4055193509198
936,kexp,3.5,2,1.5,0.05,-737.0028623692033
937,kexp,3.5,3,0.5,0.1,-533.4462013405025
938,kexp,3.5,3,0.5,0.05,-1157.3764649630202
939,kexp,3.5,3,1,0.1,-427.5350641368743
940,kexp,3.5,3,1,0.05,-735.5753827298829
941,kexp,3.5,3,1.5,0.1,-361.5492613516771
942,kexp,3.5,3,1.5,0.05,-546.4299247687834
943,kexp,3.5,3.5,0.5,0.1,-510.2160620295833
944,kexp,3.5,3.5,0.5,0.05,-1053.7660125420555
945,kexp,3.5,3.5,1,0.1,-401.5847218404514
946,kexp,3.5,3.5,1,0.05,-657.5815033717865
947,kexp,3.5,3.5,1.5,0.1,-336.1626297914305
948,kexp,3.5,3.5,1.5,0.05,-485.8396319235255
949,kexp,3.5,4,0.5,0.1,-489.38712331352053
950,kexp,3.5,4,0.5,0.05,-967.7169943732791
951,kexp,3.5,4,1,0.1,-379.0300061218259
952,kexp,3.5,4,1,0.05,-595.3441838367758
953,kexp,3.5,4,1.5,0.1,-314.6689304024007
954,kexp,3.5,4,1.5,0.05,-438.39512785777606
955,kexp,3.5,4.5,0.5,0.1,-470.514643437574
956,kexp,3.5,4.5,0.5,0.05,-895.0865257491226
957,kexp,3.5,4.5,1,0.1,-359.2158009584
958,kexp,3.5,4.5,1,0.05,-544.5319403560336
959,kexp,3.5,4.5,1.5,0.1,-296.22424769208385
960,kexp,3.5,4.5,1.5,0.05,-400.249262908324
961,kexp,3.5,5,0.5,0.1,-453.2812216954996
962,kexp,3.5,5,0.5,0.05,-832.9492725621361
963,kexp,3.5,5,1,0.1,-341.65477027845276
964,kexp,3.5,5,1,0.05,-502.26741732042734
965,kexp,3.5,5,1.5,0.1,-280.2162224457289
966,kexp,3.5,5,1.5,0.05,-368.92042920878896
967,kexp,3.5,6,0.5,0.1,-422.8320989855157
968,kexp,3.5,6,0.5,0.05,-732.1846762487716
969,kexp,3.5,6,1,0.1,-311.88061568070634
970,kexp,3.5,6,1,0.05,-436.00772069799547
971,kexp,3.5,6,1.5,0.1,-253.79277645631547
972,kexp,3.5,6,1.5,0.05,-320.5307858256699
973,kexp,3.5,10,0.5,0.1,-336.14502099360885
974,kexp,3.5,10,0.5,0.05,-497.9973590487993
975,kexp,3.5,10,1,0.1,-235.57320037453727
976,kexp,3.5,10,1,0.05,-292.24336872118766
977,kexp,3.5,10,1.5,0.1,-190.0394188793438
978,kexp,3.5,10,1.5,0.05,-218.5638208103015
979,kexp,3.5,50,0.5,0.1,-129.61010734083257
980,kexp,3.5,50,0.5,0.05,-141.63492776755808
981,kexp,3.5,50,1,0.1,-95.61506728914455
982,kexp,3.5,50,1,0.05,-98.70748383836228
983,kexp,3.5,50,1.5,0.1,-86.89576480733086
984,kexp,3.5,50,1.5,0.05,-88.21554447023526
985,kexp,3.5,100,0.5,0.1,-87.80965975522513
986,kexp,3.5,100,0.5,0.05,-91.1083159326674
987,kexp,3.5,100,1,0.1,-73.33452760440022
988,kexp,3.5,100,1,0.05,-74.04392860053525
989,kexp,3.5,100,1.5,0.1,-72.31087781323887
990,kexp,3.5,100,1.5,0.05,-72.55919895550326
991,kexp,4,1.5,0.5,0.1,-642.2419823115723
992,kexp,4,1.5,0.5,0.05,-1748.7828731265467
993,kexp,4,1.5,1,0.1,-556.365188774243
994,kexp,4,1.5,1,0.05,-1252.6406674658642
995,kexp,4,1.5,1.5,0.1,-497.3901140529726
996,kexp,4,1.5,1.5,0.05,-981.5174742225882
997,kexp,4,2,0.5,0.1,-606.6725027731095
998,kexp,4,2,0.5,0.05,-1540.9484291600752
999,kexp,4,2,1,0.1,-513.9659636874006
1000,kexp,4,2,1,0.05,-1056.2852018571687
1001,kexp,4,2,1.5,0.1,-451.1546201349684
1002,kexp,4,2,1.5,0.05,-809.3097047945771
1003,kexp,4,3,0.5,0.1,-551.8716257658875
1004,kexp,4,3,0.5,0.05,-1249.1457396766134
1005,kexp,4,3,1,0.1,-449.20562070717517
1006,kexp,4,3,1,0.05,-807.7897895546726
1007,kexp,4,3,1.5,0.1,-383.42857469831705
1008,kexp,4,3,1.5,0.05,-603.700600371523
1009,kexp,4,3.5,0.5,0.1,-529.424136408545
1010,kexp,4,3.5,0.5,0.05,-1142.2578302046777
1011,kexp,4,3.5,1,0.1,-423.50069954948424
1012,kexp,4,3.5,1,0.05,-724.1548420718821
1013,kexp,4,3.5,1.5,0.1,-357.6824226958312
1014,kexp,4,3.5,1.5,0.05,-537.4893816932877
1015,kexp,4,4,0.5,0.1,-509.24345290912294
1016,kexp,4,4,0.5,0.05,-1052.735574680826
1017,kexp,4,4,1,0.1,-400.9882781490534
1018,kexp,4,4,1,0.05,-656.9524432736215
1019,kexp,4,4,1.5,0.1,-335.69420520634054
1020,kexp,4,4,1.5,0.05,-485.34965282454215
1021,kexp,4,4.5,0.5,0.1,-490.89511369046784
1022,kexp,4,4.5,0.5,0.05,-976.6245560102395
1023,kexp,4,4.5,1,0.1,-381.07000078360005
1024,kexp,4,4.5,1,0.05,-601.7745381551663
1025,kexp,4,4.5,1.5,0.1,-316.6800434644125
1026,kexp,4,4.5,1.5,0.05,-443.2377301852515
1027,kexp,4,5,0.5,0.1,-474.07550375367
1028,kexp,4,5,0.5,0.05,-911.100040808647
1029,kexp,4,5,1,0.1,-363.3003327977726
1030,kexp,4,5,1,0.05,-555.6611315050861
1031,kexp,4,5,1.5,0.1,-300.0654719289506
1032,kexp,4,5,1.5,0.05,-408.5220303563281
1033,kexp,4,6,0.5,0.1,-444.178858719588
1034,kexp,4,6,0.5,0.05,-804.0187065875712
1035,kexp,4,6,1,0.1,-332.909991959855
1036,kexp,4,6,1,0.05,-482.9622376125188
1037,kexp,4,6,1.5,0.1,-272.4050135773055
1038,kexp,4,6,1.5,0.05,-354.66733988904616
1039,kexp,4,10,0.5,0.1,-357.5190714191974
1040,kexp,4,10,0.5,0.05,-551.0528087105405
1041,kexp,4,10,1,0.1,-253.4012768217109
1042,kexp,4,10,1,0.05,-323.47428697447026
1043,kexp,4,10,1.5,0.1,-204.3926569188758
1044,kexp,4,10,1.5,0.05,-240.2262831543057
1045,kexp,4,50,0.5,0.1,-139.2067375253823
1046,kexp,4,50,0.5,0.05,-154.37213327019404
1047,kexp,4,50,1,0.1,-100.70105714890475
1048,kexp,4,50,1,0.05,-104.68570739944633
1049,kexp,4,50,1.5,0.1,-90.06773778244012
1050,kexp,4,50,1.5,0.05,-91.79481048493186
1051,kexp,4,100,0.5,0.1,-92.51797430544958
1052,kexp,4,100,0.5,0.05,-96.7094880653768
1053,kexp,4,100,1,0.1,-75.32460171006734
1054,kexp,4,100,1,0.05,-76.26162592153756
1055,kexp,4,100,1.5,0.1,-73.26420245509578
1056,kexp,4,100,1.5,0.05,-73.60950441198653
