model_no,k_name,l1,l2,b,meas_error,lppd_exact,lppd_LOPO
1,ksqexp,1,0.2,0.5,0,-3969449836066.2725,-3629077729722.922
2,ksqexp,1,0.2,1,0,-3773326136155.0137,-3508968217170.211
3,ksqexp,1,0.2,1.5,0,-3727503389015.47,-3450892697065.4014
4,ksqexp,1,0.5,0.5,0,-476175381911.52563,-220299811469.21466
5,ksqexp,1,0.5,1,0,-400822483850.16974,-154162704715.4757
6,ksqexp,1,0.5,1.5,0,-341163307513.6754,-120436163085.46597
7,ksqexp,1,1,0.5,0,-26615286.642390713,-7353887.355170704
8,ksqexp,1,1,1,0,-13307797.033150695,-3676831.369243084
9,ksqexp,1,1,1.5,0,-8871815.718996355,-2451129.158695092
10,ksqexp,1,1.5,0.5,0,-228757.88215883131,-63330.27093450068
11,ksqexp,1,1.5,1,0,-114279.08984057508,-31602.098998645273
12,ksqexp,1,1.5,1.5,0,-76134.29915521521,-21040.863509296505
13,ksqexp,1,2,0.5,0,-26191.084829531235,-7528.226300304195
14,ksqexp,1,2,1,0,-13038.777315333844,-3744.196184669818
15,ksqexp,1,2,1.5,0,-8669.49987094455,-2497.678119951396
16,ksqexp,1,2.5,0.5,0,-7881.233399925595,-2430.511261622134
17,ksqexp,1,2.5,1,0,-3904.734337572168,-1216.2219060539262
18,ksqexp,1,2.5,1.5,0,-2594.059985694784,-826.2841461343731
19,ksqexp,1,3,0.5,0,-3631.9272969936906,-1220.4936349566183
20,ksqexp,1,3,1,0,-1793.4418487474668,-624.5736982113286
21,ksqexp,1,3,1.5,0,-1195.4387250807326,-440.7590823604735
22,ksqexp,1,3.5,0.5,0,-2256.401305589845,-816.8720074857699
23,ksqexp,1,3.5,1,0,-1115.6475556062148,-432.73159395631666
24,ksqexp,1,3.5,1.5,0,-750.221668528635,-319.5101532691755
25,ksqexp,1,4,0.5,0,-1771.1119204446481,-666.8485396171754
26,ksqexp,1,4,1,0,-880.9345598661001,-365.6515583388405
27,ksqexp,1,4,1.5,0,-599.0341367584798,-280.0779285775645
28,ksqexp,1,6,0.5,0,-1665.1571342708498,-614.2747869587625
29,ksqexp,1,6,1,0,-847.884607556295,-359.2921233202813
30,ksqexp,1,6,1.5,0,-590.2857960464381,-289.12326617824306
31,ksqexp,1,8,0.5,0,-1921.5279870665302,-681.8700392876727
32,ksqexp,1,8,1,0,-985.8778775549894,-402.8975930878992
33,ksqexp,1,8,1.5,0,-688.8198717815334,-324.73214175979615
34,ksqexp,1,10,0.5,0,-2148.429187758781,-748.3288738112209
35,ksqexp,1,10,1,0,-1104.610408884893,-441.40894132832625
36,ksqexp,1,10,1.5,0,-771.496179987891,-353.92766123869643
37,ksqexp,1,25,0.5,0,-2766.1619564529587,-946.2296150060772
38,ksqexp,1,25,1,0,-1425.3080939863576,-552.1906126768043
39,ksqexp,1,25,1.5,0,-993.1821705564221,-435.66964263783063
40,ksqexp,1.25,0.2,0.5,0,-4873503630038.784,-4582986807107.046
41,ksqexp,1.25,0.2,1,0,-4982768756964.892,-4516172201440.773
42,ksqexp,1.25,0.2,1.5,0,-5070364613916.143,-4492793768096.639
43,ksqexp,1.25,0.5,0.5,0,-582658330825.1039,-719999060370.322
44,ksqexp,1.25,0.5,1,0,-497962155302.6998,-632207405294.4177
45,ksqexp,1.25,0.5,1.5,0,-471746672457.03986,-572785751233.0458
46,ksqexp,1.25,1,0.5,0,-10351565606.688675,-1678478242.8696518
47,ksqexp,1.25,1,1,0,-5211238948.529146,-843686626.601856
48,ksqexp,1.25,1,1.5,0,-3482099908.649509,-563452729.7992353
49,ksqexp,1.25,1.5,0.5,0,-35007566.867312126,-5655710.480959265
50,ksqexp,1.25,1.5,1,0,-17504133.443969775,-2827783.1915359013
51,ksqexp,1.25,1.5,1.5,0,-11669413.79723072,-1885122.9069951824
52,ksqexp,1.25,2,0.5,0,-1819712.1215836632,-295296.9979063343
53,ksqexp,1.25,2,1,0,-909699.2694484177,-147571.57029618204
54,ksqexp,1.25,2,1.5,0,-606375.539791869,-98344.46869536022
55,ksqexp,1.25,2.5,0.5,0,-362489.31466217,-60339.21539204995
56,ksqexp,1.25,2.5,1,0,-181116.89388961165,-30123.46399862148
57,ksqexp,1.25,2.5,1.5,0,-120674.20093525697,-20066.366703714542
58,ksqexp,1.25,3,0.5,0,-128831.22251237858,-22301.0476042591
59,ksqexp,1.25,3,1,0,-64305.29313749925,-11121.901429324305
60,ksqexp,1.25,3,1.5,0,-42811.46917390617,-7410.343964155921
61,ksqexp,1.25,3.5,0.5,0,-60935.62165359565,-11072.8393312238
62,ksqexp,1.25,3.5,1,0,-30369.390687069663,-5519.704836300293
63,ksqexp,1.25,3.5,1.5,0,-20195.471040108936,-3683.4851962883645
64,ksqexp,1.25,4,0.5,0,-35345.62596788976,-6757.797041487656
65,ksqexp,1.25,4,1,0,-17583.481172688535,-3371.2739668601707
66,ksqexp,1.25,4,1.5,0,-11677.59123847698,-2257.2582576963514
67,ksqexp,1.25,6,0.5,0,-18417.530932635287,-3637.2935369537904
68,ksqexp,1.25,6,1,0,-9142.822001017512,-1834.4112690476113
69,ksqexp,1.25,6,1.5,0,-6066.077717327723,-1248.2758765012552
70,ksqexp,1.25,8,0.5,0,-20696.228165609547,-3874.2820695995174
71,ksqexp,1.25,8,1,0,-10294.8512648115,-1965.5861889352461
72,ksqexp,1.25,8,1.5,0,-6842.550994807811,-1344.1795927670612
73,ksqexp,1.25,10,0.5,0,-23620.238797968494,-4307.11706104496
74,ksqexp,1.25,10,1,0,-11764.134956520866,-2189.2820588550912
75,ksqexp,1.25,10,1.5,0,-7826.925705631292,-1498.162422101456
76,ksqexp,1.25,25,0.5,0,-31510.25294313888,-5713.575081488711
77,ksqexp,1.25,25,1,0,-15724.354940437857,-2907.7239794373595
78,ksqexp,1.25,25,1.5,0,-10477.214301946724,-1987.2656426446033
79,ksqexp,1.5,0.2,0.5,0,-5891532557271.153,-4871484461142.495
80,ksqexp,1.5,0.2,1,0,-5271270749198.081,-4752870353323.998
81,ksqexp,1.5,0.2,1.5,0,-5102908960704.59,-4685424416775.828
82,ksqexp,1.5,0.5,0.5,0,-4221486034838.5728,-1612392533270.6157
83,ksqexp,1.5,0.5,1,0,-3975225698465.6855,-1520047279463.863
84,ksqexp,1.5,0.5,1.5,0,-3666844231563.6855,-1442916285519.7798
85,ksqexp,1.5,1,0.5,0,-682759794336.7795,-114548596527.43965
86,ksqexp,1.5,1,1,0,-637992472097.1976,-95385608356.39836
87,ksqexp,1.5,1,1.5,0,-569645192964.7139,-80630514359.3177
88,ksqexp,1.5,1.5,0.5,0,-7397099970.401697,-887732206.6424426
89,ksqexp,1.5,1.5,1,0,-3715161150.4920273,-445507289.56400347
90,ksqexp,1.5,1.5,1.5,0,-2480482318.389524,-297370986.7839714
91,ksqexp,1.5,2,0.5,0,-208901073.96558303,-25008040.67207599
92,ksqexp,1.5,2,1,0,-104467933.43081859,-12505626.122088498
93,ksqexp,1.5,2,1.5,0,-69649042.7470575,-8337389.685890015
94,ksqexp,1.5,2.5,0.5,0,-25804201.890426848,-3101616.4776275763
95,ksqexp,1.5,2.5,1,0,-12902198.171956997,-1550738.1390984647
96,ksqexp,1.5,2.5,1.5,0,-8601394.136389952,-1033778.785859292
97,ksqexp,1.5,3,0.5,0,-7137243.8276915625,-869036.7297984178
98,ksqexp,1.5,3,1,0,-3568434.166920702,-434442.2669795054
99,ksqexp,1.5,3,1.5,0,-2378832.2576356004,-289590.9717876235
100,ksqexp,1.5,3.5,0.5,0,-2904137.6513299476,-360273.43645497033
101,ksqexp,1.5,3.5,1,0,-1451871.4011431662,-180073.35186351062
102,ksqexp,1.5,3.5,1.5,0,-967794.9821750866,-120021.24293021607
103,ksqexp,1.5,4,0.5,0,-1451654.1206066194,-184449.5824673834
104,ksqexp,1.5,4,1,0,-725636.2534311198,-92171.78614688854
105,ksqexp,1.5,4,1.5,0,-483644.4679663181,-61427.28264390578
106,ksqexp,1.5,6,0.5,0,-349094.0791471866,-48171.54016974214
107,ksqexp,1.5,6,1,0,-174381.05159209506,-24058.894683473944
108,ksqexp,1.5,6,1.5,0,-116158.19120258575,-16036.170517111546
109,ksqexp,1.5,8,0.5,0,-326039.9574401883,-43485.55956942939
110,ksqexp,1.5,8,1,0,-162868.80054731685,-21730.734000214983
111,ksqexp,1.5,8,1.5,0,-108493.2402193007,-14493.95084558837
112,ksqexp,1.5,10,0.5,0,-373128.01812906377,-48310.718581349065
113,ksqexp,1.5,10,1,0,-186421.95707880286,-24152.439609270972
114,ksqexp,1.5,10,1.5,0,-124201.42866101973,-16114.505320137698
115,ksqexp,1.5,25,0.5,0,-528820.5100142123,-67889.86492513966
116,ksqexp,1.5,25,1,0,-264287.1965406683,-33961.0056316279
117,ksqexp,1.5,25,1.5,0,-176124.25031124955,-22666.21119540286
118,ksqexp,1.75,0.2,0.5,0,-21291796781961.11,-8499334743658.058
119,ksqexp,1.75,0.2,1,0,-22143032319052.87,-8282752247140.681
120,ksqexp,1.75,0.2,1.5,0,-21676651114525.234,-7980015671599.956
121,ksqexp,1.75,0.5,0.5,0,-3720006203139.8003,-2098780025635.8416
122,ksqexp,1.75,0.5,1,0,-3659054751449.3696,-1888493336325.8037
123,ksqexp,1.75,0.5,1.5,0,-3718328162936.9414,-1812379780161.079
124,ksqexp,1.75,1,0.5,0,-281778030988.72906,-147583999582.68573
125,ksqexp,1.75,1,1,0,-284259206505.1103,-125965477317.39992
126,ksqexp,1.75,1,1.5,0,-300890367319.4979,-118317507396.13791
127,ksqexp,1.75,1.5,0.5,0,-612067836533.9938,-71814471869.25383
128,ksqexp,1.75,1.5,1,0,-463173476143.75275,-50780151394.37715
129,ksqexp,1.75,1.5,1.5,0,-366016890271.5997,-39031478754.188866
130,ksqexp,1.75,2,0.5,0,-28627404446.221466,-2868106382.6446214
131,ksqexp,1.75,2,1,0,-14550602668.806,-1454200180.4678075
132,ksqexp,1.75,2,1.5,0,-9754097473.947634,-974026564.0515276
133,ksqexp,1.75,2.5,0.5,0,-2377566572.158989,-237105258.13618386
134,ksqexp,1.75,2.5,1,0,-1190814858.3542404,-118724371.29534699
135,ksqexp,1.75,2.5,1.5,0,-794328936.3206055,-79187767.75590238
136,ksqexp,1.75,3,0.5,0,-481221180.2083522,-48127821.03452508
137,ksqexp,1.75,3,1,0,-240710072.1326674,-24072085.744922783
138,ksqexp,1.75,3,1.5,0,-160495372.05697218,-16049829.639924772
139,ksqexp,1.75,3.5,0.5,0,-165214389.1492572,-16642648.642913451
140,ksqexp,1.75,3.5,1,0,-82620388.25314894,-8322318.817074984
141,ksqexp,1.75,3.5,1.5,0,-55083064.88526666,-5548396.634114201
142,ksqexp,1.75,4,0.5,0,-74773325.31956404,-7607690.671682331
143,ksqexp,1.75,4,1,0,-37389442.38177405,-3803994.697649175
144,ksqexp,1.75,4,1.5,0,-24926793.347503915,-2535998.7047718824
145,ksqexp,1.75,6,0.5,0,-10838467.23755281,-1173409.6491545185
146,ksqexp,1.75,6,1,0,-5419010.353265407,-586635.5870029781
147,ksqexp,1.75,6,1.5,0,-3612515.84957171,-391057.06548320374
148,ksqexp,1.75,8,0.5,0,-6605191.9856329495,-720452.1017937429
149,ksqexp,1.75,8,1,0,-3302337.521651406,-360168.9518424445
150,ksqexp,1.75,8,1.5,0,-2201400.1129898084,-240089.33614197435
151,ksqexp,1.75,10,0.5,0,-7141097.027306136,-758254.6032722548
152,ksqexp,1.75,10,1,0,-3570298.905070118,-379080.65750980435
153,ksqexp,1.75,10,1.5,0,-2380047.717854683,-252704.17705660555
154,ksqexp,1.75,25,0.5,0,-10920881.689292844,-1136073.088910184
155,ksqexp,1.75,25,1,0,-5460214.783843125,-568013.0245719837
156,ksqexp,1.75,25,1.5,0,-3640007.1253603064,-378674.48250770185
157,ksqexp,2,0.2,0.5,0,-14068906178679.568,-8831679876770.824
158,ksqexp,2,0.2,1,0,-14329754492333.734,-8465292092647.245
159,ksqexp,2,0.2,1.5,0,-14637036944998.959,-8312348750451.049
160,ksqexp,2,0.5,0.5,0,-6058065484172.616,-3543932608832.761
161,ksqexp,2,0.5,1,0,-5347088812190.927,-3211645886498.7773
162,ksqexp,2,0.5,1.5,0,-5116519266010.388,-3044904457171.936
163,ksqexp,2,1,0.5,0,-2268309437432.996,-629627888611.7684
164,ksqexp,2,1,1,0,-1695913203347.947,-499880170648.0746
165,ksqexp,2,1,1.5,0,-1342665115019.2437,-425319532987.50397
166,ksqexp,2,1.5,0.5,0,-311334508648.022,-85472954162.09564
167,ksqexp,2,1.5,1,0,-374085707821.9997,-87645516435.55675
168,ksqexp,2,1.5,1.5,0,-422447112066.0523,-90217719695.54066
169,ksqexp,2,2,0.5,0,-682343890756.147,-78949888247.02856
170,ksqexp,2,2,1,0,-642983456471.0417,-67296871266.56213
171,ksqexp,2,2,1.5,0,-575466336173.7074,-57585310557.48269
172,ksqexp,2,2.5,0.5,0,-187068179044.51758,-17045579931.81077
173,ksqexp,2,2.5,1,0,-104756111426.286,-9398851726.275606
174,ksqexp,2,2.5,1.5,0,-72681167462.26802,-6486120867.292809
175,ksqexp,2,3,0.5,0,-33659924146.78032,-2990872034.6778164
176,ksqexp,2,3,1,0,-17215775166.78178,-1524908660.1791751
177,ksqexp,2,3,1.5,0,-11565313586.901169,-1023328211.3469166
178,ksqexp,2,3.5,0.5,0,-9562009937.384123,-848388296.0612277
179,ksqexp,2,3.5,1,0,-4816521455.580116,-426865070.7806739
180,ksqexp,2,3.5,1.5,0,-3218984720.3373275,-285175750.4808172
181,ksqexp,2,4,0.5,0,-3853070040.1779966,-343098130.8767285
182,ksqexp,2,4,1,0,-1933025658.6994185,-172031894.60867867
183,ksqexp,2,4,1.5,0,-1290131084.4879043,-114795521.25083038
184,ksqexp,2,6,0.5,0,-424918095.30511165,-39145000.29236391
185,ksqexp,2,6,1,0,-212557790.6756723,-19579783.57069446
186,ksqexp,2,6,1.5,0,-141726980.69384035,-13054767.87670371
187,ksqexp,2,8,0.5,0,-161570764.78125137,-15355547.934446452
188,ksqexp,2,8,1,0,-80789725.02586633,-7678020.553719096
189,ksqexp,2,8,1.5,0,-53860632.12812771,-5118703.387805038
190,ksqexp,2,10,0.5,0,-145356051.8245656,-13622054.295089716
191,ksqexp,2,10,1,0,-72677807.82695106,-6810936.344569323
192,ksqexp,2,10,1.5,0,-48451677.501048826,-4540577.382209656
193,ksqexp,2,25,0.5,0,-235586528.27933484,-21392280.887310002
194,ksqexp,2,25,1,0,-117793122.90995055,-10696086.471616996
195,ksqexp,2,25,1.5,0,-78528583.40809555,-7130697.745904493
196,ksqexp,2.25,0.2,0.5,0,-13774370138504.527,-9953142482848
197,ksqexp,2.25,0.2,1,0,-13340837883570.992,-9786131613612.918
198,ksqexp,2.25,0.2,1.5,0,-13371330220448.488,-9731602164418.002
199,ksqexp,2.25,0.5,0.5,0,-18812574746655.79,-6560436797256.059
200,ksqexp,2.25,0.5,1,0,-19437492204403.344,-6303328039782.864
201,ksqexp,2.25,0.5,1.5,0,-18664203185670.344,-5974165862204.744
202,ksqexp,2.25,1,0.5,0,-3086929120812.8896,-1109986734430.808
203,ksqexp,2.25,1,1,0,-2983443964190.5005,-957519056768.5787
204,ksqexp,2.25,1,1.5,0,-2908784772843.186,-881453290216.0854
205,ksqexp,2.25,1.5,0.5,0,-710666329310.5322,-220836261977.00787
206,ksqexp,2.25,1.5,1,0,-445745556492.3038,-159671396772.54578
207,ksqexp,2.25,1.5,1.5,0,-353644592066.2689,-135109387253.49051
208,ksqexp,2.25,2,0.5,0,-290234224646.1153,-74766234789.36333
209,ksqexp,2.25,2,1,0,-339718424766.62524,-76466640588.59389
210,ksqexp,2.25,2,1.5,0,-377421192678.02893,-78595988058.25389
211,ksqexp,2.25,2.5,0.5,0,-520264133349.8927,-76086791900.77806
212,ksqexp,2.25,2.5,1,0,-602237131457.5428,-76064712998.46825
213,ksqexp,2.25,2.5,1.5,0,-645158192088.8896,-74955638585.07497
214,ksqexp,2.25,3,0.5,0,-564279612037.7798,-56597310046.434425
215,ksqexp,2.25,3,1,0,-490475624152.01654,-45061155395.78489
216,ksqexp,2.25,3,1.5,0,-418796695902.8943,-37111002659.19088
217,ksqexp,2.25,3.5,0.5,0,-314632218849.4433,-27536621844.28508
218,ksqexp,2.25,3.5,1,0,-201697667503.51666,-17035571979.930353
219,ksqexp,2.25,3.5,1.5,0,-147748772604.35178,-12319846765.314276
220,ksqexp,2.25,4,0.5,0,-146279680682.11273,-12309463047.012953
221,ksqexp,2.25,4,1,0,-82073768320.69383,-6792156725.933711
222,ksqexp,2.25,4,1.5,0,-56993838502.16443,-4689458035.302808
223,ksqexp,2.25,6,0.5,0,-15658235475.77488,-1304885172.3113797
224,ksqexp,2.25,6,1,0,-7956067434.363663,-661285439.5900536
225,ksqexp,2.25,6,1.5,0,-5332855701.244114,-442860863.54164404
226,ksqexp,2.25,8,0.5,0,-4424749153.129393,-378838689.15508205
227,ksqexp,2.25,8,1,0,-2219691736.8931837,-189932647.75914767
228,ksqexp,2.25,8,1.5,0,-1481433376.0278463,-126736650.73282953
229,ksqexp,2.25,10,0.5,0,-2953590881.3765516,-253762973.18510005
230,ksqexp,2.25,10,1,0,-1477306750.8011715,-126914242.88241352
231,ksqexp,2.25,10,1.5,0,-984985265.5118517,-84616770.18041587
232,ksqexp,2.25,25,0.5,0,-4705783990.843176,-389822651.6931631
233,ksqexp,2.25,25,1,0,-2352970211.7093415,-194915869.40456408
234,ksqexp,2.25,25,1.5,0,-1568664017.5454783,-129944889.18373588
235,ksqexp,2.5,0.2,0.5,0,-16835431368808.648,-10868515512511.871
236,ksqexp,2.5,0.2,1,0,-16460642818957.45,-10753456796754.654
237,ksqexp,2.5,0.2,1.5,0,-16191432141974.135,-10677389990093.07
238,ksqexp,2.5,0.5,0.5,0,-13031645869807.012,-6622999200117.806
239,ksqexp,2.5,0.5,1,0,-13281340789033.91,-6394842933070.152
240,ksqexp,2.5,0.5,1.5,0,-13466797154249.787,-6310243622345.354
241,ksqexp,2.5,1,0.5,0,-6469873848588.061,-2147368650248.5874
242,ksqexp,2.5,1,1,0,-4767949483644.242,-1753299498599.391
243,ksqexp,2.5,1,1.5,0,-4140639405870.1636,-1580076964247.8696
244,ksqexp,2.5,1.5,0.5,0,-1902172123652.0745,-505203010954.40094
245,ksqexp,2.5,1.5,1,0,-1857015325053.585,-473143112498.59625
246,ksqexp,2.5,1.5,1.5,0,-1842325823107.063,-458078259568.841
247,ksqexp,2.5,2,0.5,0,-638215519139.52,-175509278971.37183
248,ksqexp,2.5,2,1,0,-432988486357.2589,-133270167830.23323
249,ksqexp,2.5,2,1.5,0,-355516620341.6012,-115186762122.69363
250,ksqexp,2.5,2.5,0.5,0,-284805828907.6998,-75415292141.9839
251,ksqexp,2.5,2.5,1,0,-289343118074.33374,-70917897768.464
252,ksqexp,2.5,2.5,1.5,0,-304291472812.0687,-70364717745.87654
253,ksqexp,2.5,3,0.5,0,-370744656812.88306,-68858527912.95174
254,ksqexp,2.5,3,1,0,-410842134752.7042,-69953617691.26503
255,ksqexp,2.5,3,1.5,0,-441498171921.49304,-70761253341.81346
256,ksqexp,2.5,3.5,0.5,0,-457854234391.5816,-66425530051.791855
257,ksqexp,2.5,3.5,1,0,-507712387999.12396,-65348261595.60533
258,ksqexp,2.5,3.5,1.5,0,-541021681397.04877,-64192905717.81
259,ksqexp,2.5,4,0.5,0,-503682921332.3524,-59602488409.16232
260,ksqexp,2.5,4,1,0,-526515057464.63556,-54816168096.19203
261,ksqexp,2.5,4,1.5,0,-522606765007.285,-50734670662.91332
262,ksqexp,2.5,6,0.5,0,-266594249183.2025,-22823797633.380207
263,ksqexp,2.5,6,1,0,-178229522237.01587,-14578685141.892427
264,ksqexp,2.5,6,1.5,0,-133567969866.45013,-10732730855.758636
265,ksqexp,2.5,8,0.5,0,-100259281457.7619,-8160433533.197828
266,ksqexp,2.5,8,1,0,-54995239149.89191,-4412256117.548562
267,ksqexp,2.5,8,1.5,0,-37938699717.03146,-3027741370.2038703
268,ksqexp,2.5,10,0.5,0,-57104784657.76278,-4612945096.097496
269,ksqexp,2.5,10,1,0,-29088387451.979176,-2342040763.0437493
270,ksqexp,2.5,10,1.5,0,-19522315918.776314,-1569970915.4272633
271,ksqexp,2.5,25,0.5,0,-81317870101.79158,-6316096193.965047
272,ksqexp,2.5,25,1,0,-40682124738.138145,-3159347593.762124
273,ksqexp,2.5,25,1.5,0,-27126582075.43976,-2106520976.9968867
274,kexp,1,0.2,0.5,0,-180.22208161074363,-177.73872981860146
275,kexp,1,0.2,1,0,-96.43760269462298,-95.28401401485061
276,kexp,1,0.2,1.5,0,-83.33480712730685,-82.62447281832576
277,kexp,1,0.5,0.5,0,-114.50135776741568,-109.15654213887628
278,kexp,1,0.5,1,0,-97.45605395454606,-95.263361628456
279,kexp,1,0.5,1.5,0,-106.59965008992951,-105.45766553132648
280,kexp,1,1,0.5,0,-146.6900100292682,-136.82233994694346
281,kexp,1,1,1,0,-134.408813711642,-130.73841048194018
282,kexp,1,1,1.5,0,-145.1404456789955,-143.5357980668438
283,kexp,1,1.5,0.5,0,-181.79012011713752,-170.24639727533935
284,kexp,1,1.5,1,0,-161.6312906681747,-157.6848218932461
285,kexp,1,1.5,1.5,0,-169.7370449251147,-168.32299417248856
286,kexp,1,2,0.5,0,-209.47435183109394,-197.5188430031818
287,kexp,1,2,1,0,-181.1756035833665,-177.42848048720663
288,kexp,1,2,1.5,0,-186.56805157405793,-185.55705705516374
289,kexp,1,2.5,0.5,0,-231.38074490565336,-219.36268957932754
290,kexp,1,2.5,1,0,-195.92380770617933,-192.4541983171922
291,kexp,1,2.5,1.5,0,-198.93019271295495,-198.3100653030974
292,kexp,1,3,0.5,0,-249.1237311323161,-237.1085235809154
293,kexp,1,3,1,0,-207.51831328607207,-204.2944806406437
294,kexp,1,3,1.5,0,-208.4752047439219,-208.18183040050235
295,kexp,1,3.5,0.5,0,-263.80717024433517,-251.79245526996434
296,kexp,1,3.5,1,0,-216.91450899483135,-213.8908268153418
297,kexp,1,3.5,1.5,0,-216.10898598492477,-216.08231473708153
298,kexp,1,4,0.5,0,-276.1757385501143,-264.153503779082
299,kexp,1,4,1,0,-224.704597644117,-221.84543675498097
300,kexp,1,4,1.5,0,-222.3729147487093,-222.5681118202256
301,kexp,1,6,0.5,0,-310.92926576089934,-298.9362688250437
302,kexp,1,6,1,0,-246.04202192478002,-243.68180312906276
303,kexp,1,6,1.5,0,-239.23830471932018,-240.089011970339
304,kexp,1,8,0.5,0,-332.49732913434974,-320.7138282346014
305,kexp,1,8,1,0,-258.8839339422926,-256.9420913814508
306,kexp,1,8,1.5,0,-249.17149961817836,-250.5102098369973
307,kexp,1,10,0.5,0,-347.435566831393,-335.92664915947415
308,kexp,1,10,1,0,-267.575345735743,-265.99070626717946
309,kexp,1,10,1.5,0,-255.78063611042478,-257.50408937633966
310,kexp,1,25,0.5,0,-393.1816634480194,-383.06224460719625
311,kexp,1,25,1,0,-292.87673731377157,-292.6819369174386
312,kexp,1,25,1.5,0,-274.26712600889715,-277.38053176075994
313,kexp,1.25,0.2,0.5,0,-230.23374376928308,-226.53762545933864
314,kexp,1.25,0.2,1,0,-112.31246159702727,-110.5752453495492
315,kexp,1.25,0.2,1.5,0,-87.83073160990607,-86.74648271658647
316,kexp,1.25,0.5,0.5,0,-129.05858270770494,-120.86743687416387
317,kexp,1.25,0.5,1,0,-96.11572246449717,-92.62386356801282
318,kexp,1.25,0.5,1.5,0,-99.96013312292116,-98.03470320546238
319,kexp,1.25,1,0.5,0,-155.6826498176826,-139.54806839887917
320,kexp,1.25,1,1,0,-130.94141520137865,-124.51740468330426
321,kexp,1.25,1,1.5,0,-137.519701069118,-134.33254751796855
322,kexp,1.25,1.5,0.5,0,-192.193752390033,-171.66350898448763
323,kexp,1.25,1.5,1,0,-159.32291905602028,-151.49981233066086
324,kexp,1.25,1.5,1.5,0,-163.19133868457465,-159.60394418596542
325,kexp,1.25,2,0.5,0,-222.0734221841234,-199.2672461080497
326,kexp,1.25,2,1,0,-180.28239951797255,-171.91441246553387
327,kexp,1.25,2,1.5,0,-181.17742270249153,-177.62216532462398
328,kexp,1.25,2.5,0.5,0,-246.25667500871495,-222.09675622923987
329,kexp,1.25,2.5,1,0,-196.39526243444246,-187.80796933200688
330,kexp,1.25,2.5,1.5,0,-194.6001556495878,-191.2037377728617
331,kexp,1.25,3,0.5,0,-266.1702109760735,-241.05703608577622
332,kexp,1.25,3,1,0,-209.24286681467595,-200.54298961123152
333,kexp,1.25,3,1.5,0,-205.09244950077633,-201.86367152631536
334,kexp,1.25,3.5,0.5,0,-282.8387843100974,-256.96907824734893
335,kexp,1.25,3.5,1,0,-219.76213493878848,-210.9820825287671
336,kexp,1.25,3.5,1.5,0,-213.5619492215806,-210.4784480291699
337,kexp,1.25,4,0.5,0,-296.9855998239458,-270.47942519017533
338,kexp,1.25,4,1,0,-228.54714812970764,-219.69944059509774
339,kexp,1.25,4,1.5,0,-220.5596949715187,-217.59814313666593
340,kexp,1.25,6,0.5,0,-337.0975497666331,-308.8155424276831
341,kexp,1.25,6,1,0,-252.85268503129248,-243.83622480477308
342,kexp,1.25,6,1.5,0,-239.59642752605245,-237.00181633705296
343,kexp,1.25,8,0.5,0,-362.2015798527132,-332.9291316693319
344,kexp,1.25,8,1,0,-267.6410829602991,-258.59785889001705
345,kexp,1.25,8,1.5,0,-250.94628140268884,-248.64613203682023
346,kexp,1.25,10,0.5,0,-379.69178521189025,-349.80323755485983
347,kexp,1.25,10,1,0,-277.73033539048805,-268.7120906710009
348,kexp,1.25,10,1.5,0,-258.5685495232056,-256.5070724496161
349,kexp,1.25,25,0.5,0,-434.12778548095395,-402.6217408417311
350,kexp,1.25,25,1,0,-307.69896947838924,-298.93646422581946
351,kexp,1.25,25,1.5,0,-280.38139488401674,-279.20006942706
352,kexp,1.5,0.2,0.5,0,-283.93424985518885,-279.00492801888896
353,kexp,1.5,0.2,1,0,-131.62455319926428,-129.28797007280184
354,kexp,1.5,0.2,1.5,0,-95.68001838291876,-94.2076814930737
355,kexp,1.5,0.5,0.5,0,-147.54089712462402,-136.52172747166946
356,kexp,1.5,0.5,1,0,-98.11566489333677,-93.3023584750609
357,kexp,1.5,0.5,1.5,0,-96.4659515555145,-93.72126621547493
358,kexp,1.5,1,0.5,0,-169.15785139877863,-146.9795154655041
359,kexp,1.5,1,1,0,-130.82163858401427,-121.66001759168147
360,kexp,1.5,1,1.5,0,-132.8682650522003,-128.0455490402039
361,kexp,1.5,1.5,0.5,0,-207.5930702215108,-178.38554410108927
362,kexp,1.5,1.5,1,0,-160.44204407595237,-148.75588948045862
363,kexp,1.5,1.5,1.5,0,-159.55039943394823,-153.70470201346248
364,kexp,1.5,2,0.5,0,-240.02347694763034,-206.56370087073944
365,kexp,1.5,2,1,0,-182.87928475545837,-169.82206241188246
366,kexp,1.5,2,1.5,0,-178.65658476459853,-172.4002136655003
367,kexp,1.5,2.5,0.5,0,-266.70396257077937,-230.43493493214737
368,kexp,1.5,2.5,1,0,-200.38916438509688,-186.51794969862638
369,kexp,1.5,2.5,1.5,0,-193.1095957297342,-186.70431869402927
370,kexp,1.5,3,0.5,0,-288.9389420413647,-250.61949957697925
371,kexp,1.5,3,1,0,-214.50859180313037,-200.08541849383718
372,kexp,1.5,3,1.5,0,-204.5238391302462,-198.06608887270016
373,kexp,1.5,3.5,0.5,0,-307.715242943893,-267.7761314984736
374,kexp,1.5,3.5,1,0,-226.16767312169932,-211.32320886428664
375,kexp,1.5,3.5,1.5,0,-213.8105139208226,-207.33093205946588
376,kexp,1.5,4,0.5,0,-323.7498494340209,-282.4664676567291
377,kexp,1.5,4,1,0,-235.96545901817896,-220.77545380959535
378,kexp,1.5,4,1.5,0,-221.52935961941304,-215.03714660045586
379,kexp,1.5,6,0.5,0,-369.56686168741294,-324.51680548824834
380,kexp,1.5,6,1,0,-263.3076456562699,-247.168985283373
381,kexp,1.5,6,1.5,0,-242.71327105237995,-236.21174262163922
382,kexp,1.5,8,0.5,0,-398.4484518018347,-351.093472988351
383,kexp,1.5,8,1,0,-280.09786711249103,-263.4160037687628
384,kexp,1.5,8,1.5,0,-255.47303628918314,-249.01554476878013
385,kexp,1.5,10,0.5,0,-418.68030961992184,-369.72058008337893
386,kexp,1.5,10,1,0,-291.63597329826445,-274.5879535371941
387,kexp,1.5,10,1.5,0,-264.1132252641719,-257.7024420950039
388,kexp,1.5,25,0.5,0,-482.43081845219825,-428.28181395096215
389,kexp,1.5,25,1,0,-326.47300428485505,-308.2426673057268
390,kexp,1.5,25,1.5,0,-289.3124303021493,-283.054982497155
391,kexp,1.75,0.2,0.5,0,-340.1515171020084,-333.98177283658197
392,kexp,1.75,0.2,1,0,-153.31829552280598,-150.3747020264411
393,kexp,1.75,0.2,1.5,0,-105.86591906379641,-103.99770915712624
394,kexp,1.75,0.5,0.5,0,-168.6357008110258,-154.8063849525333
395,kexp,1.75,0.5,1,0,-102.43563603616613,-96.28730704469056
396,kexp,1.75,0.5,1.5,0,-95.19431185022569,-91.60631181443648
397,kexp,1.75,1,0.5,0,-185.4512978500544,-157.37528189122335
398,kexp,1.75,1,1,0,-132.98320091705563,-121.0866297095119
399,kexp,1.75,1,1.5,0,-130.31919934575166,-123.81577638866789
400,kexp,1.75,1.5,0.5,0,-226.01252045892537,-188.40350344212155
401,kexp,1.75,1.5,1,0,-163.8456367923833,-148.32244847204552
402,kexp,1.75,1.5,1.5,0,-157.94870630999992,-149.78746088852847
403,kexp,1.75,2,0.5,0,-261.1572683094519,-217.33997885497377
404,kexp,1.75,2,1,0,-187.77502570604193,-170.036199583047
405,kexp,1.75,2,1.5,0,-178.13964224472403,-169.09363723227824
406,kexp,1.75,2.5,0.5,0,-290.4489897817316,-242.31675696910474
407,kexp,1.75,2.5,1,0,-206.69211032663262,-187.50017153870232
408,kexp,1.75,2.5,1.5,0,-193.5985145814197,-184.05334046845127
409,kexp,1.75,3,0.5,0,-315.08488994856316,-263.73974667753424
410,kexp,1.75,3,1,0,-222.0892680073746,-201.85969567144255
411,kexp,1.75,3,1.5,0,-205.91609143345957,-196.05837607596285
412,kexp,1.75,3.5,0.5,0,-336.0311181300835,-282.1474267517414
413,kexp,1.75,3.5,1,0,-234.89337396833693,-213.86338783386503
414,kexp,1.75,3.5,1.5,0,-216.00615665422768,-205.92740560112145
415,kexp,1.75,4,0.5,0,-354.00801724756917,-298.0308786912093
416,kexp,1.75,4,1,0,-245.71026113725154,-224.02815437170662
417,kexp,1.75,4,1.5,0,-224.43637317361004,-214.18594367175058
418,kexp,1.75,6,0.5,0,-405.70710840891854,-343.8942398469175
419,kexp,1.75,6,1,0,-276.1192957681598,-252.64683211773567
420,kexp,1.75,6,1.5,0,-247.74872229433961,-237.0563936145359
421,kexp,1.75,8,0.5,0,-438.4888918246627,-373.0224079747594
422,kexp,1.75,8,1,0,-294.9355175888771,-270.3702427401637
423,kexp,1.75,8,1.5,0,-261.90975691669087,-250.9782184018117
424,kexp,1.75,10,0.5,0,-461.55697635311594,-393.4684936066126
425,kexp,1.75,10,1,0,-307.9442869763076,-282.595442271515
426,kexp,1.75,10,1.5,0,-271.56542125709575,-260.4631225663179
427,kexp,1.75,25,0.5,0,-535.0016788137924,-457.90180953481087
428,kexp,1.75,25,1,0,-347.7735163167393,-319.6458741051971
429,kexp,1.75,25,1.5,0,-300.1894928907093,-288.38592636845397
430,kexp,2,0.2,0.5,0,-398.1981803174246,-390.7867383101563
431,kexp,2,0.2,1,0,-176.76055153610136,-173.20639721621558
432,kexp,2,0.2,1.5,0,-117.77337267456808,-115.50498091715332
433,kexp,2,0.5,0.5,0,-191.6093296679054,-174.98558232282753
434,kexp,2,0.5,1,0,-108.46740969865654,-100.9759128420747
435,kexp,2,0.5,1.5,0,-95.5788004476222,-91.13138708722393
436,kexp,2,1,0.5,0,-203.71318989322398,-169.83126657253973
437,kexp,2,1,1,0,-136.8213134507144,-122.18553169362302
438,kexp,2,1,1.5,0,-129.34938537615,-121.12898414029682
439,kexp,2,1.5,0.5,0,-246.48408957877265,-200.6664868800444
440,kexp,2,1.5,1,0,-168.91029675790122,-149.5636132474385
441,kexp,2,1.5,1.5,0,-157.87772989068216,-147.35468610969957
442,kexp,2,2,0.5,0,-284.41682274500016,-230.48706939236396
443,kexp,2,2,1,0,-194.32747948145106,-171.9214321930126
444,kexp,2,2,1.5,0,-179.12306246670127,-167.2249171997343
445,kexp,2,2.5,0.5,0,-316.37546736898497,-256.6245195846584
446,kexp,2,2.5,1,0,-214.65014393281038,-190.13311767630736
447,kexp,2,2.5,1.5,0,-195.56706686052058,-182.79468111337547
448,kexp,2,3,0.5,0,-343.4525409213647,-279.3009702907675
449,kexp,2,3,1,0,-231.3236614548011,-205.25714832233888
450,kexp,2,3,1.5,0,-208.77273237237478,-195.40123840605003
451,kexp,2,3.5,0.5,0,-366.60012750606035,-298.96212984996106
452,kexp,2,3.5,1,0,-245.27222089999768,-218.00143010384247
453,kexp,2,3.5,1.5,0,-219.6549494377281,-205.83989426165448
454,kexp,2,4,0.5,0,-386.54689360494194,-316.0422700534358
455,kexp,2,4,1,0,-257.10908897701484,-228.85956908647043
456,kexp,2,4,1.5,0,-228.7885181741124,-214.624032837329
457,kexp,2,6,0.5,0,-444.22320001989857,-365.7731745827429
458,kexp,2,6,1,0,-290.59770647882823,-259.67428166337123
459,kexp,2,6,1.5,0,-254.21457270483725,-239.1333480967397
460,kexp,2,8,0.5,0,-480.9731856627448,-397.51396653195707
461,kexp,2,8,1,0,-311.4518000750607,-278.867867397725
462,kexp,2,8,1.5,0,-269.7700356188341,-254.1445317594551
463,kexp,2,10,0.5,0,-506.92721695548863,-419.82492047922244
464,kexp,2,10,1,0,-325.9406221325725,-292.1426512821025
465,kexp,2,10,1.5,0,-280.43712126457837,-264.4072589561893
466,kexp,2,25,0.5,0,-590.2920244469199,-490.25399034584217
467,kexp,2,25,1,0,-370.8339709324927,-332.5751816441023
468,kexp,2,25,1.5,0,-312.5066505005701,-294.84094281659776
469,kexp,2.25,0.2,0.5,0,-457.6353747864573,-448.98366112521774
470,kexp,2.25,0.2,1,0,-201.54112688220383,-197.37499972798926
471,kexp,2.25,0.2,1.5,0,-131.00174164430078,-128.3308099924393
472,kexp,2.25,0.5,0.5,0,-216.00396837179758,-196.59935072528353
473,kexp,2.25,0.5,1,0,-115.81563853563843,-106.97622656233987
474,kexp,2.25,0.5,1.5,0,-97.24489266195924,-91.92721591308934
475,kexp,2.25,1,0.5,0,-223.44199573708133,-183.81435276408547
476,kexp,2.25,1,1,0,-141.95043255517342,-124.56960805571931
477,kexp,2.25,1,1.5,0,-129.61194223403976,-119.64672389248459
478,kexp,2.25,1.5,0.5,0,-268.4597835239538,-214.56380325954785
479,kexp,2.25,1.5,1,0,-175.24912372785806,-152.0833508064479
480,kexp,2.25,1.5,1.5,0,-159.00426786883096,-146.0818973951602
481,kexp,2.25,2,0.5,0,-309.2139410798034,-245.35269544791362
482,kexp,2.25,2,1,0,-202.1445847981011,-175.08051808823714
483,kexp,2.25,2,1.5,0,-181.28016344390792,-166.48182304147778
484,kexp,2.25,2.5,0.5,0,-343.8658874296306,-272.6944576536323
485,kexp,2.25,2.5,1,0,-223.86673673307953,-194.0264338642856
486,kexp,2.25,2.5,1.5,0,-198.69238390727293,-182.6291233409867
487,kexp,2.25,3,0.5,0,-373.4035784365177,-296.63869375567685
488,kexp,2.25,3,1,0,-241.8120451961154,-209.89559177713485
489,kexp,2.25,3,1.5,0,-212.77356485568262,-195.8065885241073
490,kexp,2.25,3.5,0.5,0,-398.76775203770376,-317.55481797597713
491,kexp,2.25,3.5,1,0,-256.9018235431897,-223.36091627481997
492,kexp,2.25,3.5,1.5,0,-224.43854478470726,-206.78831311425142
493,kexp,2.25,4,0.5,0,-420.697981076717,-335.8311179117085
494,kexp,2.25,4,1,0,-269.75695453405126,-234.8962115570077
495,kexp,2.25,4,1.5,0,-234.26864309283752,-216.0766068452527
496,kexp,2.25,6,0.5,0,-484.40389333543845,-389.456060761059
497,kexp,2.25,6,1,0,-306.32909441743544,-267.87862778320255
498,kexp,2.25,6,1.5,0,-261.79619218439075,-242.17818086370266
499,kexp,2.25,8,0.5,0,-525.1631630441077,-423.8513523744228
500,kexp,2.25,8,1,0,-329.2277274477022,-288.5369530099771
501,kexp,2.25,8,1.5,0,-278.7412796551513,-258.2575172949253
502,kexp,2.25,10,0.5,0,-554.0317868619113,-448.0600136117752
503,kexp,2.25,10,1,0,-345.20111451365807,-302.8583796466574
504,kexp,2.25,10,1.5,0,-290.4162544704614,-269.2831990646973
505,kexp,2.25,25,0.5,0,-647.4519587849653,-524.5857049612066
506,kexp,2.25,25,1,0,-395.1995571449145,-346.6651864617135
507,kexp,2.25,25,1.5,0,-325.94078733766935,-302.18371103489795
508,kexp,2.5,0.2,0.5,0,-518.1654480321503,-508.2760534001578
509,kexp,2.5,0.2,1,0,-227.37895640169904,-222.6005751919243
510,kexp,2.5,0.2,1.5,0,-145.27548991943553,-142.20077985042388
511,kexp,2.5,0.5,0.5,0,-241.51265273133444,-219.33883199271332
512,kexp,2.5,0.5,1,0,-124.20796336936374,-114.01800651310225
513,kexp,2.5,0.5,1.5,0,-99.93176432003828,-93.73642875792606
514,kexp,2.5,1,0.5,0,-244.31207767551362,-198.98045282140947
515,kexp,2.5,1,1,0,-148.10636883858277,-127.97519951150859
516,kexp,2.5,1,1.5,0,-130.8631632989937,-119.13214581432682
517,kexp,2.5,1.5,0.5,0,-291.59466401470337,-229.70960562553594
518,kexp,2.5,1.5,1,0,-182.60075043089554,-155.61578510889348
519,kexp,2.5,1.5,1.5,0,-161.09480997588955,-145.74320900970105
520,kexp,2.5,2,0.5,0,-335.185578095373,-261.5235963517212
521,kexp,2.5,2,1,0,-210.96477394789645,-179.2470269277024
522,kexp,2.5,2,1.5,0,-184.3832033050464,-166.64686785945202
523,kexp,2.5,2.5,0.5,0,-372.54285347360656,-290.103122323259
524,kexp,2.5,2.5,1,0,-234.07936958897258,-198.91752498591856
525,kexp,2.5,2.5,1.5,0,-202.75023903373955,-183.3476899465817
526,kexp,2.5,3,0.5,0,-404.54983779803524,-315.32795776042803
527,kexp,2.5,3,1,0,-253.2909650626075,-215.51781169704145
528,kexp,2.5,3,1.5,0,-217.6967048904324,-197.07312708236032
529,kexp,2.5,3.5,0.5,0,-432.1372563401474,-337.50060532028
530,kexp,2.5,3.5,1,0,-269.51775834565666,-229.68909082867475
531,kexp,2.5,3.5,1.5,0,-230.13662308711204,-208.57728340458482
532,kexp,2.5,4,0.5,0,-456.0570605418665,-356.9711919505583
533,kexp,2.5,4,1,0,-283.38830291933135,-241.8880592233237
534,kexp,2.5,4,1.5,0,-240.65741445142152,-218.3523790540179
535,kexp,2.5,6,0.5,0,-525.8210817812319,-414.5000691141346
536,kexp,2.5,6,1,0,-323.0431521736972,-277.0110178710692
537,kexp,2.5,6,1.5,0,-270.275873044057,-246.00669819645478
538,kexp,2.5,8,0.5,0,-570.6159716592525,-451.57792624948144
539,kexp,2.5,8,1,0,-347.9903685736361,-299.1284754149612
540,kexp,2.5,8,1.5,0,-288.6071982845872,-263.13735587650126
541,kexp,2.5,10,0.5,0,-602.4173430254443,-477.70834448382084
542,kexp,2.5,10,1,0,-365.4509231456907,-314.49413642184726
543,kexp,2.5,10,1.5,0,-301.28748059189286,-274.914764474215
544,kexp,2.5,25,0.5,0,-705.9753271259843,-560.409173819083
545,kexp,2.5,25,1,0,-420.57766894403886,-361.6688311269292
546,kexp,2.5,25,1.5,0,-340.27048028936764,-310.2474143024931
